Player,Score,Week,Year,Position,
Arizona (Ari),7,1,2019,DEF,
Atlanta (Atl),0,1,2019,DEF,
Baltimore (Bal),13,1,2019,DEF,
Buffalo (Buf),10,1,2019,DEF,
Carolina (Car),4,1,2019,DEF,
Chicago (Chi),9,1,2019,DEF,
Cincinnati (Cin),6,1,2019,DEF,
Cleveland (Cle),0,1,2019,DEF,
Dallas (Dal),6,1,2019,DEF,
Denver (Den),0,1,2019,DEF,
Detroit (Det),7,1,2019,DEF,
Green Bay (GB),14,1,2019,DEF,
Houston (Hou),2,1,2019,DEF,
Indianapolis (Ind),7,1,2019,DEF,
Jacksonville (Jax),-4,1,2019,DEF,
Kansas City (KC),5,1,2019,DEF,
Los Angeles (LAC),2,1,2019,DEF,
Los Angeles (LAR),9,1,2019,DEF,
Miami (Mia),-3,1,2019,DEF,
Minnesota (Min),16,1,2019,DEF,
New England (NE),10,1,2019,DEF,
New Orleans (NO),7,1,2019,DEF,
New York (NYG),-4,1,2019,DEF,
New York (NYJ),18,1,2019,DEF,
Oakland (Oak),4,1,2019,DEF,
Philadelphia (Phi),1,1,2019,DEF,
Pittsburgh (Pit),0,1,2019,DEF,
San Francisco (SF),27,1,2019,DEF,
Seattle (Sea),12,1,2019,DEF,
Tampa Bay (TB),12,1,2019,DEF,
Tennessee (Ten),23,1,2019,DEF,
Washington (Was),0,1,2019,DEF,
Arizona (Ari),2,2,2019,DEF,
Atlanta (Atl),10,2,2019,DEF,
Baltimore (Bal),4,2,2019,DEF,
Buffalo (Buf),6,2,2019,DEF,
Carolina (Car),6,2,2019,DEF,
Chicago (Chi),5,2,2019,DEF,
Cincinnati (Cin),-2,2,2019,DEF,
Cleveland (Cle),13,2,2019,DEF,
Dallas (Dal),1,2,2019,DEF,
Denver (Den),1,2,2019,DEF,
Detroit (Det),9,2,2019,DEF,
Green Bay (GB),10,2,2019,DEF,
Houston (Hou),10,2,2019,DEF,
Indianapolis (Ind),5,2,2019,DEF,
Jacksonville (Jax),8,2,2019,DEF,
Kansas City (KC),11,2,2019,DEF,
Los Angeles (LAC),8,2,2019,DEF,
Los Angeles (LAR),8,2,2019,DEF,
Miami (Mia),3,2,2019,DEF,
Minnesota (Min),6,2,2019,DEF,
New England (NE),37,2,2019,DEF,
New Orleans (NO),5,2,2019,DEF,
New York (NYG),2,2,2019,DEF,
New York (NYJ),5,2,2019,DEF,
Oakland (Oak),3,2,2019,DEF,
Philadelphia (Phi),7,2,2019,DEF,
Pittsburgh (Pit),7,2,2019,DEF,
San Francisco (SF),7,2,2019,DEF,
Seattle (Sea),3,2,2019,DEF,
Tampa Bay (TB),9,2,2019,DEF,
Tennessee (Ten),8,2,2019,DEF,
Washington (Was),2,2,2019,DEF,
Arizona (Ari),0,3,2019,DEF,
Atlanta (Atl),1,3,2019,DEF,
Baltimore (Bal),0,3,2019,DEF,
Buffalo (Buf),11,3,2019,DEF,
Carolina (Car),13,3,2019,DEF,
Chicago (Chi),21,3,2019,DEF,
Cincinnati (Cin),5,3,2019,DEF,
Cleveland (Cle),9,3,2019,DEF,
Dallas (Dal),12,3,2019,DEF,
Denver (Den),0,3,2019,DEF,
Detroit (Det),13,3,2019,DEF,
Green Bay (GB),13,3,2019,DEF,
Houston (Hou),8,3,2019,DEF,
Indianapolis (Ind),2,3,2019,DEF,
Jacksonville (Jax),15,3,2019,DEF,
Kansas City (KC),2,3,2019,DEF,
Los Angeles (LAC),4,3,2019,DEF,
Los Angeles (LAR),9,3,2019,DEF,
Miami (Mia),2,3,2019,DEF,
Minnesota (Min),7,3,2019,DEF,
New England (NE),14,3,2019,DEF,
New Orleans (NO),14,3,2019,DEF,
New York (NYG),5,3,2019,DEF,
New York (NYJ),16,3,2019,DEF,
Oakland (Oak),-1,3,2019,DEF,
Philadelphia (Phi),2,3,2019,DEF,
Pittsburgh (Pit),11,3,2019,DEF,
San Francisco (SF),7,3,2019,DEF,
Seattle (Sea),2,3,2019,DEF,
Tampa Bay (TB),8,3,2019,DEF,
Tennessee (Ten),1,3,2019,DEF,
Washington (Was),5,3,2019,DEF,
Arizona (Ari),4,4,2019,DEF,
Atlanta (Atl),0,4,2019,DEF,
Baltimore (Bal),-1,4,2019,DEF,
Buffalo (Buf),3,4,2019,DEF,
Carolina (Car),14,4,2019,DEF,
Chicago (Chi),17,4,2019,DEF,
Cincinnati (Cin),2,4,2019,DEF,
Cleveland (Cle),10,4,2019,DEF,
Dallas (Dal),11,4,2019,DEF,
Denver (Den),5,4,2019,DEF,
Detroit (Det),7,4,2019,DEF,
Green Bay (GB),-1,4,2019,DEF,
Houston (Hou),10,4,2019,DEF,
Indianapolis (Ind),3,4,2019,DEF,
Jacksonville (Jax),2,4,2019,DEF,
Kansas City (KC),13,4,2019,DEF,
Los Angeles (LAC),11,4,2019,DEF,
Los Angeles (LAR),6,4,2019,DEF,
Miami (Mia),0,4,2019,DEF,
Minnesota (Min),2,4,2019,DEF,
New England (NE),25,4,2019,DEF,
New Orleans (NO),11,4,2019,DEF,
New York (NYG),24,4,2019,DEF,
New York (NYJ),,4,2019,DEF,
Oakland (Oak),10,4,2019,DEF,
Philadelphia (Phi),5,4,2019,DEF,
Pittsburgh (Pit),19,4,2019,DEF,
San Francisco (SF),,4,2019,DEF,
Seattle (Sea),16,4,2019,DEF,
Tampa Bay (TB),15,4,2019,DEF,
Tennessee (Ten),11,4,2019,DEF,
Washington (Was),9,4,2019,DEF,
Arizona (Ari),1,5,2019,DEF,
Atlanta (Atl),-2,5,2019,DEF,
Baltimore (Bal),5,5,2019,DEF,
Buffalo (Buf),11,5,2019,DEF,
Carolina (Car),14,5,2019,DEF,
Chicago (Chi),4,5,2019,DEF,
Cincinnati (Cin),1,5,2019,DEF,
Cleveland (Cle),3,5,2019,DEF,
Dallas (Dal),1,5,2019,DEF,
Denver (Den),10,5,2019,DEF,
Detroit (Det),,5,2019,DEF,
Green Bay (GB),9,5,2019,DEF,
Houston (Hou),9,5,2019,DEF,
Indianapolis (Ind),10,5,2019,DEF,
Jacksonville (Jax),4,5,2019,DEF,
Kansas City (KC),3,5,2019,DEF,
Los Angeles (LAC),14,5,2019,DEF,
Los Angeles (LAR),2,5,2019,DEF,
Miami (Mia),,5,2019,DEF,
Minnesota (Min),12,5,2019,DEF,
New England (NE),14,5,2019,DEF,
New Orleans (NO),6,5,2019,DEF,
New York (NYG),5,5,2019,DEF,
New York (NYJ),4,5,2019,DEF,
Oakland (Oak),8,5,2019,DEF,
Philadelphia (Phi),35,5,2019,DEF,
Pittsburgh (Pit),11,5,2019,DEF,
San Francisco (SF),19,5,2019,DEF,
Seattle (Sea),3,5,2019,DEF,
Tampa Bay (TB),1,5,2019,DEF,
Tennessee (Ten),7,5,2019,DEF,
Washington (Was),5,5,2019,DEF,
Arizona (Ari),1,6,2019,DEF,
Atlanta (Atl),-1,6,2019,DEF,
Baltimore (Bal),5,6,2019,DEF,
Buffalo (Buf),,6,2019,DEF,
Carolina (Car),21,6,2019,DEF,
Chicago (Chi),,6,2019,DEF,
Cincinnati (Cin),9,6,2019,DEF,
Cleveland (Cle),4,6,2019,DEF,
Dallas (Dal),4,6,2019,DEF,
Denver (Den),23,6,2019,DEF,
Detroit (Det),7,6,2019,DEF,
Green Bay (GB),3,6,2019,DEF,
Houston (Hou),5,6,2019,DEF,
Indianapolis (Ind),,6,2019,DEF,
Jacksonville (Jax),7,6,2019,DEF,
Kansas City (KC),5,6,2019,DEF,
Los Angeles (LAC),3,6,2019,DEF,
Los Angeles (LAR),7,6,2019,DEF,
Miami (Mia),1,6,2019,DEF,
Minnesota (Min),9,6,2019,DEF,
New England (NE),27,6,2019,DEF,
New Orleans (NO),11,6,2019,DEF,
New York (NYG),12,6,2019,DEF,
New York (NYJ),1,6,2019,DEF,
Oakland (Oak),,6,2019,DEF,
Philadelphia (Phi),1,6,2019,DEF,
Pittsburgh (Pit),14,6,2019,DEF,
San Francisco (SF),10,6,2019,DEF,
Seattle (Sea),9,6,2019,DEF,
Tampa Bay (TB),0,6,2019,DEF,
Tennessee (Ten),4,6,2019,DEF,
Washington (Was),10,6,2019,DEF,
Arizona (Ari),14,7,2019,DEF,
Atlanta (Atl),-1,7,2019,DEF,
Baltimore (Bal),18,7,2019,DEF,
Buffalo (Buf),11,7,2019,DEF,
Carolina (Car),,7,2019,DEF,
Chicago (Chi),6,7,2019,DEF,
Cincinnati (Cin),2,7,2019,DEF,
Cleveland (Cle),,7,2019,DEF,
Dallas (Dal),15,7,2019,DEF,
Denver (Den),1,7,2019,DEF,
Detroit (Det),-4,7,2019,DEF,
Green Bay (GB),2,7,2019,DEF,
Houston (Hou),2,7,2019,DEF,
Indianapolis (Ind),9,7,2019,DEF,
Jacksonville (Jax),17,7,2019,DEF,
Kansas City (KC),24,7,2019,DEF,
Los Angeles (LAC),4,7,2019,DEF,
Los Angeles (LAR),21,7,2019,DEF,
Miami (Mia),1,7,2019,DEF,
Minnesota (Min),3,7,2019,DEF,
New England (NE),25,7,2019,DEF,
New Orleans (NO),10,7,2019,DEF,
New York (NYG),10,7,2019,DEF,
New York (NYJ),1,7,2019,DEF,
Oakland (Oak),-3,7,2019,DEF,
Philadelphia (Phi),1,7,2019,DEF,
Pittsburgh (Pit),,7,2019,DEF,
San Francisco (SF),15,7,2019,DEF,
Seattle (Sea),2,7,2019,DEF,
Tampa Bay (TB),,7,2019,DEF,
Tennessee (Ten),4,7,2019,DEF,
Washington (Was),8,7,2019,DEF,
Arizona (Ari),1,8,2019,DEF,
Atlanta (Atl),2,8,2019,DEF,
Baltimore (Bal),,8,2019,DEF,
Buffalo (Buf),4,8,2019,DEF,
Carolina (Car),3,8,2019,DEF,
Chicago (Chi),4,8,2019,DEF,
Cincinnati (Cin),0,8,2019,DEF,
Cleveland (Cle),5,8,2019,DEF,
Dallas (Dal),,8,2019,DEF,
Denver (Den),7,8,2019,DEF,
Detroit (Det),11,8,2019,DEF,
Green Bay (GB),4,8,2019,DEF,
Houston (Hou),0,8,2019,DEF,
Indianapolis (Ind),7,8,2019,DEF,
Jacksonville (Jax),15,8,2019,DEF,
Kansas City (KC),4,8,2019,DEF,
Los Angeles (LAC),9,8,2019,DEF,
Los Angeles (LAR),9,8,2019,DEF,
Miami (Mia),4,8,2019,DEF,
Minnesota (Min),12,8,2019,DEF,
New England (NE),21,8,2019,DEF,
New Orleans (NO),8,8,2019,DEF,
New York (NYG),8,8,2019,DEF,
New York (NYJ),3,8,2019,DEF,
Oakland (Oak),3,8,2019,DEF,
Philadelphia (Phi),10,8,2019,DEF,
Pittsburgh (Pit),13,8,2019,DEF,
San Francisco (SF),17,8,2019,DEF,
Seattle (Sea),9,8,2019,DEF,
Tampa Bay (TB),5,8,2019,DEF,
Tennessee (Ten),11,8,2019,DEF,
Washington (Was),6,8,2019,DEF,
Arizona (Ari),0,9,2019,DEF,
Atlanta (Atl),,9,2019,DEF,
Baltimore (Bal),13,9,2019,DEF,
Buffalo (Buf),8,9,2019,DEF,
Carolina (Car),11,9,2019,DEF,
Chicago (Chi),4,9,2019,DEF,
Cincinnati (Cin),,9,2019,DEF,
Cleveland (Cle),5,9,2019,DEF,
Dallas (Dal),18,9,2019,DEF,
Denver (Den),3,9,2019,DEF,
Detroit (Det),0,9,2019,DEF,
Green Bay (GB),2,9,2019,DEF,
Houston (Hou),19,9,2019,DEF,
Indianapolis (Ind),8,9,2019,DEF,
Jacksonville (Jax),5,9,2019,DEF,
Kansas City (KC),1,9,2019,DEF,
Los Angeles (LAC),7,9,2019,DEF,
Los Angeles (LAR),,9,2019,DEF,
Miami (Mia),8,9,2019,DEF,
Minnesota (Min),7,9,2019,DEF,
New England (NE),4,9,2019,DEF,
New Orleans (NO),,9,2019,DEF,
New York (NYG),3,9,2019,DEF,
New York (NYJ),6,9,2019,DEF,
Oakland (Oak),6,9,2019,DEF,
Philadelphia (Phi),6,9,2019,DEF,
Pittsburgh (Pit),19,9,2019,DEF,
San Francisco (SF),3,9,2019,DEF,
Seattle (Sea),3,9,2019,DEF,
Tampa Bay (TB),1,9,2019,DEF,
Tennessee (Ten),4,9,2019,DEF,
Washington (Was),2,9,2019,DEF,
Arizona (Ari),9,10,2019,DEF,
Atlanta (Atl),10,10,2019,DEF,
Baltimore (Bal),24,10,2019,DEF,
Buffalo (Buf),5,10,2019,DEF,
Carolina (Car),2,10,2019,DEF,
Chicago (Chi),8,10,2019,DEF,
Cincinnati (Cin),-1,10,2019,DEF,
Cleveland (Cle),2,10,2019,DEF,
Dallas (Dal),0,10,2019,DEF,
Denver (Den),,10,2019,DEF,
Detroit (Det),6,10,2019,DEF,
Green Bay (GB),8,10,2019,DEF,
Houston (Hou),,10,2019,DEF,
Indianapolis (Ind),8,10,2019,DEF,
Jacksonville (Jax),,10,2019,DEF,
Kansas City (KC),5,10,2019,DEF,
Los Angeles (LAC),4,10,2019,DEF,
Los Angeles (LAR),19,10,2019,DEF,
Miami (Mia),11,10,2019,DEF,
Minnesota (Min),3,10,2019,DEF,
New England (NE),,10,2019,DEF,
New Orleans (NO),3,10,2019,DEF,
New York (NYG),1,10,2019,DEF,
New York (NYJ),16,10,2019,DEF,
Oakland (Oak),17,10,2019,DEF,
Philadelphia (Phi),,10,2019,DEF,
Pittsburgh (Pit),25,10,2019,DEF,
San Francisco (SF),19,10,2019,DEF,
Seattle (Sea),18,10,2019,DEF,
Tampa Bay (TB),6,10,2019,DEF,
Tennessee (Ten),11,10,2019,DEF,
Washington (Was),,10,2019,DEF,
Arizona (Ari),5,11,2019,DEF,
Atlanta (Atl),26,11,2019,DEF,
Baltimore (Bal),15,11,2019,DEF,
Buffalo (Buf),10,11,2019,DEF,
Carolina (Car),2,11,2019,DEF,
Chicago (Chi),5,11,2019,DEF,
Cincinnati (Cin),8,11,2019,DEF,
Cleveland (Cle),16,11,2019,DEF,
Dallas (Dal),3,11,2019,DEF,
Denver (Den),9,11,2019,DEF,
Detroit (Det),-1,11,2019,DEF,
Green Bay (GB),,11,2019,DEF,
Houston (Hou),-4,11,2019,DEF,
Indianapolis (Ind),8,11,2019,DEF,
Jacksonville (Jax),6,11,2019,DEF,
Kansas City (KC),11,11,2019,DEF,
Los Angeles (LAC),3,11,2019,DEF,
Los Angeles (LAR),9,11,2019,DEF,
Miami (Mia),2,11,2019,DEF,
Minnesota (Min),4,11,2019,DEF,
New England (NE),11,11,2019,DEF,
New Orleans (NO),17,11,2019,DEF,
New York (NYG),,11,2019,DEF,
New York (NYJ),9,11,2019,DEF,
Oakland (Oak),13,11,2019,DEF,
Philadelphia (Phi),2,11,2019,DEF,
Pittsburgh (Pit),1,11,2019,DEF,
San Francisco (SF),14,11,2019,DEF,
Seattle (Sea),,11,2019,DEF,
Tampa Bay (TB),0,11,2019,DEF,
Tennessee (Ten),,11,2019,DEF,
Washington (Was),5,11,2019,DEF,
Arizona (Ari),,12,2019,DEF,
Atlanta (Atl),3,12,2019,DEF,
Baltimore (Bal),13,12,2019,DEF,
Buffalo (Buf),13,12,2019,DEF,
Carolina (Car),3,12,2019,DEF,
Chicago (Chi),4,12,2019,DEF,
Cincinnati (Cin),6,12,2019,DEF,
Cleveland (Cle),8,12,2019,DEF,
Dallas (Dal),6,12,2019,DEF,
Denver (Den),4,12,2019,DEF,
Detroit (Det),8,12,2019,DEF,
Green Bay (GB),-1,12,2019,DEF,
Houston (Hou),2,12,2019,DEF,
Indianapolis (Ind),4,12,2019,DEF,
Jacksonville (Jax),1,12,2019,DEF,
Kansas City (KC),,12,2019,DEF,
Los Angeles (LAC),,12,2019,DEF,
Los Angeles (LAR),-1,12,2019,DEF,
Miami (Mia),-1,12,2019,DEF,
Minnesota (Min),,12,2019,DEF,
New England (NE),8,12,2019,DEF,
New Orleans (NO),5,12,2019,DEF,
New York (NYG),7,12,2019,DEF,
New York (NYJ),18,12,2019,DEF,
Oakland (Oak),2,12,2019,DEF,
Philadelphia (Phi),11,12,2019,DEF,
Pittsburgh (Pit),12,12,2019,DEF,
San Francisco (SF),11,12,2019,DEF,
Seattle (Sea),17,12,2019,DEF,
Tampa Bay (TB),16,12,2019,DEF,
Tennessee (Ten),6,12,2019,DEF,
Washington (Was),21,12,2019,DEF,
Arizona (Ari),0,13,2019,DEF,
Atlanta (Atl),0,13,2019,DEF,
Baltimore (Bal),7,13,2019,DEF,
Buffalo (Buf),11,13,2019,DEF,
Carolina (Car),6,13,2019,DEF,
Chicago (Chi),5,13,2019,DEF,
Cincinnati (Cin),13,13,2019,DEF,
Cleveland (Cle),4,13,2019,DEF,
Dallas (Dal),4,13,2019,DEF,
Denver (Den),8,13,2019,DEF,
Detroit (Det),3,13,2019,DEF,
Green Bay (GB),10,13,2019,DEF,
Houston (Hou),5,13,2019,DEF,
Indianapolis (Ind),9,13,2019,DEF,
Jacksonville (Jax),6,13,2019,DEF,
Kansas City (KC),20,13,2019,DEF,
Los Angeles (LAC),2,13,2019,DEF,
Los Angeles (LAR),18,13,2019,DEF,
Miami (Mia),3,13,2019,DEF,
Minnesota (Min),8,13,2019,DEF,
New England (NE),2,13,2019,DEF,
New Orleans (NO),16,13,2019,DEF,
New York (NYG),-1,13,2019,DEF,
New York (NYJ),2,13,2019,DEF,
Oakland (Oak),0,13,2019,DEF,
Philadelphia (Phi),1,13,2019,DEF,
Pittsburgh (Pit),13,13,2019,DEF,
San Francisco (SF),4,13,2019,DEF,
Seattle (Sea),6,13,2019,DEF,
Tampa Bay (TB),23,13,2019,DEF,
Tennessee (Ten),20,13,2019,DEF,
Washington (Was),11,13,2019,DEF,
Arizona (Ari),7,14,2019,DEF,
Atlanta (Atl),12,14,2019,DEF,
Baltimore (Bal),9,14,2019,DEF,
Buffalo (Buf),3,14,2019,DEF,
Carolina (Car),-3,14,2019,DEF,
Chicago (Chi),2,14,2019,DEF,
Cincinnati (Cin),5,14,2019,DEF,
Cleveland (Cle),11,14,2019,DEF,
Dallas (Dal),5,14,2019,DEF,
Denver (Den),15,14,2019,DEF,
Detroit (Det),2,14,2019,DEF,
Green Bay (GB),7,14,2019,DEF,
Houston (Hou),2,14,2019,DEF,
Indianapolis (Ind),11,14,2019,DEF,
Jacksonville (Jax),-3,14,2019,DEF,
Kansas City (KC),8,14,2019,DEF,
Los Angeles (LAC),6,14,2019,DEF,
Los Angeles (LAR),14,14,2019,DEF,
Miami (Mia),3,14,2019,DEF,
Minnesota (Min),13,14,2019,DEF,
New England (NE),7,14,2019,DEF,
New Orleans (NO),1,14,2019,DEF,
New York (NYG),5,14,2019,DEF,
New York (NYJ),4,14,2019,DEF,
Oakland (Oak),-2,14,2019,DEF,
Philadelphia (Phi),3,14,2019,DEF,
Pittsburgh (Pit),18,14,2019,DEF,
San Francisco (SF),-2,14,2019,DEF,
Seattle (Sea),11,14,2019,DEF,
Tampa Bay (TB),2,14,2019,DEF,
Tennessee (Ten),10,14,2019,DEF,
Washington (Was),7,14,2019,DEF,
Arizona (Ari),5,15,2019,DEF,
Atlanta (Atl),11,15,2019,DEF,
Baltimore (Bal),7,15,2019,DEF,
Buffalo (Buf),18,15,2019,DEF,
Carolina (Car),3,15,2019,DEF,
Chicago (Chi),1,15,2019,DEF,
Cincinnati (Cin),1,15,2019,DEF,
Cleveland (Cle),-2,15,2019,DEF,
Dallas (Dal),4,15,2019,DEF,
Denver (Den),5,15,2019,DEF,
Detroit (Det),3,15,2019,DEF,
Green Bay (GB),13,15,2019,DEF,
Houston (Hou),6,15,2019,DEF,
Indianapolis (Ind),-1,15,2019,DEF,
Jacksonville (Jax),5,15,2019,DEF,
Kansas City (KC),11,15,2019,DEF,
Los Angeles (LAC),1,15,2019,DEF,
Los Angeles (LAR),-4,15,2019,DEF,
Miami (Mia),6,15,2019,DEF,
Minnesota (Min),27,15,2019,DEF,
New England (NE),20,15,2019,DEF,
New Orleans (NO),5,15,2019,DEF,
New York (NYG),8,15,2019,DEF,
New York (NYJ),5,15,2019,DEF,
Oakland (Oak),3,15,2019,DEF,
Philadelphia (Phi),9,15,2019,DEF,
Pittsburgh (Pit),6,15,2019,DEF,
San Francisco (SF),4,15,2019,DEF,
Seattle (Sea),7,15,2019,DEF,
Tampa Bay (TB),15,15,2019,DEF,
Tennessee (Ten),5,15,2019,DEF,
Washington (Was),3,15,2019,DEF,
Arizona (Ari),11,16,2019,DEF,
Atlanta (Atl),9,16,2019,DEF,
Baltimore (Bal),4,16,2019,DEF,
Buffalo (Buf),2,16,2019,DEF,
Carolina (Car),-1,16,2019,DEF,
Chicago (Chi),1,16,2019,DEF,
Cincinnati (Cin),0,16,2019,DEF,
Cleveland (Cle),1,16,2019,DEF,
Dallas (Dal),2,16,2019,DEF,
Denver (Den),5,16,2019,DEF,
Detroit (Det),6,16,2019,DEF,
Green Bay (GB),11,16,2019,DEF,
Houston (Hou),22,16,2019,DEF,
Indianapolis (Ind),30,16,2019,DEF,
Jacksonville (Jax),5,16,2019,DEF,
Kansas City (KC),10,16,2019,DEF,
Los Angeles (LAC),3,16,2019,DEF,
Los Angeles (LAR),9,16,2019,DEF,
Miami (Mia),2,16,2019,DEF,
Minnesota (Min),9,16,2019,DEF,
New England (NE),5,16,2019,DEF,
New Orleans (NO),6,16,2019,DEF,
New York (NYG),-1,16,2019,DEF,
New York (NYJ),12,16,2019,DEF,
Oakland (Oak),2,16,2019,DEF,
Philadelphia (Phi),8,16,2019,DEF,
Pittsburgh (Pit),5,16,2019,DEF,
San Francisco (SF),7,16,2019,DEF,
Seattle (Sea),4,16,2019,DEF,
Tampa Bay (TB),10,16,2019,DEF,
Tennessee (Ten),-1,16,2019,DEF,
Washington (Was),-1,16,2019,DEF,
Arizona (Ari),0,17,2019,DEF,
Atlanta (Atl),14,17,2019,DEF,
Baltimore (Bal),18,17,2019,DEF,
Buffalo (Buf),8,17,2019,DEF,
Carolina (Car),-3,17,2019,DEF,
Chicago (Chi),9,17,2019,DEF,
Cincinnati (Cin),12,17,2019,DEF,
Cleveland (Cle),2,17,2019,DEF,
Dallas (Dal),7,17,2019,DEF,
Denver (Den),5,17,2019,DEF,
Detroit (Det),3,17,2019,DEF,
Green Bay (GB),4,17,2019,DEF,
Houston (Hou),-4,17,2019,DEF,
Indianapolis (Ind),4,17,2019,DEF,
Jacksonville (Jax),14,17,2019,DEF,
Kansas City (KC),13,17,2019,DEF,
Los Angeles (LAC),1,17,2019,DEF,
Los Angeles (LAR),11,17,2019,DEF,
Miami (Mia),11,17,2019,DEF,
Minnesota (Min),7,17,2019,DEF,
New England (NE),2,17,2019,DEF,
New Orleans (NO),18,17,2019,DEF,
New York (NYG),0,17,2019,DEF,
New York (NYJ),14,17,2019,DEF,
Oakland (Oak),5,17,2019,DEF,
Philadelphia (Phi),9,17,2019,DEF,
Pittsburgh (Pit),8,17,2019,DEF,
San Francisco (SF),1,17,2019,DEF,
Seattle (Sea),2,17,2019,DEF,
Tampa Bay (TB),14,17,2019,DEF,
Tennessee (Ten),7,17,2019,DEF,
Washington (Was),1,17,2019,DEF,
Arizona (Ari),5,1,2018,DEF,
Atlanta (Atl),7,1,2018,DEF,
Baltimore (Bal),17,1,2018,DEF,
Buffalo (Buf),0,1,2018,DEF,
Carolina (Car),12,1,2018,DEF,
Chicago (Chi),14,1,2018,DEF,
Cincinnati (Cin),12,1,2018,DEF,
Cleveland (Cle),16,1,2018,DEF,
Dallas (Dal),6,1,2018,DEF,
Denver (Den),12,1,2018,DEF,
Detroit (Det),8,1,2018,DEF,
Green Bay (GB),7,1,2018,DEF,
Houston (Hou),8,1,2018,DEF,
Indianapolis (Ind),5,1,2018,DEF,
Jacksonville (Jax),13,1,2018,DEF,
Kansas City (KC),10,1,2018,DEF,
Los Angeles (LAC),-3,1,2018,DEF,
Los Angeles (LAR),17,1,2018,DEF,
Miami (Mia),13,1,2018,DEF,
Minnesota (Min),18,1,2018,DEF,
New England (NE),8,1,2018,DEF,
New Orleans (NO),-4,1,2018,DEF,
New York (NYG),4,1,2018,DEF,
New York (NYJ),26,1,2018,DEF,
Oakland (Oak),1,1,2018,DEF,
Philadelphia (Phi),10,1,2018,DEF,
Pittsburgh (Pit),11,1,2018,DEF,
San Francisco (SF),6,1,2018,DEF,
Seattle (Sea),7,1,2018,DEF,
Tampa Bay (TB),7,1,2018,DEF,
Tennessee (Ten),11,1,2018,DEF,
Washington (Was),13,1,2018,DEF,
Arizona (Ari),3,2,2018,DEF,
Atlanta (Atl),4,2,2018,DEF,
Baltimore (Bal),-1,2,2018,DEF,
Buffalo (Buf),1,2,2018,DEF,
Carolina (Car),1,2,2018,DEF,
Chicago (Chi),17,2,2018,DEF,
Cincinnati (Cin),12,2,2018,DEF,
Cleveland (Cle),7,2,2018,DEF,
Dallas (Dal),12,2,2018,DEF,
Denver (Den),4,2,2018,DEF,
Detroit (Det),5,2,2018,DEF,
Green Bay (GB),11,2,2018,DEF,
Houston (Hou),2,2,2018,DEF,
Indianapolis (Ind),9,2,2018,DEF,
Jacksonville (Jax),5,2,2018,DEF,
Kansas City (KC),-3,2,2018,DEF,
Los Angeles (LAC),10,2,2018,DEF,
Los Angeles (LAR),13,2,2018,DEF,
Miami (Mia),13,2,2018,DEF,
Minnesota (Min),3,2,2018,DEF,
New England (NE),3,2,2018,DEF,
New Orleans (NO),6,2,2018,DEF,
New York (NYG),1,2,2018,DEF,
New York (NYJ),9,2,2018,DEF,
Oakland (Oak),4,2,2018,DEF,
Philadelphia (Phi),6,2,2018,DEF,
Pittsburgh (Pit),1,2,2018,DEF,
San Francisco (SF),4,2,2018,DEF,
Seattle (Sea),7,2,2018,DEF,
Tampa Bay (TB),7,2,2018,DEF,
Tennessee (Ten),7,2,2018,DEF,
Washington (Was),5,2,2018,DEF,
Arizona (Ari),8,3,2018,DEF,
Atlanta (Atl),-3,3,2018,DEF,
Baltimore (Bal),6,3,2018,DEF,
Buffalo (Buf),17,3,2018,DEF,
Carolina (Car),10,3,2018,DEF,
Chicago (Chi),13,3,2018,DEF,
Cincinnati (Cin),0,3,2018,DEF,
Cleveland (Cle),9,3,2018,DEF,
Dallas (Dal),2,3,2018,DEF,
Denver (Den),6,3,2018,DEF,
Detroit (Det),8,3,2018,DEF,
Green Bay (GB),1,3,2018,DEF,
Houston (Hou),4,3,2018,DEF,
Indianapolis (Ind),10,3,2018,DEF,
Jacksonville (Jax),7,3,2018,DEF,
Kansas City (KC),4,3,2018,DEF,
Los Angeles (LAC),1,3,2018,DEF,
Los Angeles (LAR),14,3,2018,DEF,
Miami (Mia),8,3,2018,DEF,
Minnesota (Min),3,3,2018,DEF,
New England (NE),3,3,2018,DEF,
New Orleans (NO),1,3,2018,DEF,
New York (NYG),7,3,2018,DEF,
New York (NYJ),6,3,2018,DEF,
Oakland (Oak),0,3,2018,DEF,
Philadelphia (Phi),3,3,2018,DEF,
Pittsburgh (Pit),17,3,2018,DEF,
San Francisco (SF),-2,3,2018,DEF,
Seattle (Sea),15,3,2018,DEF,
Tampa Bay (TB),5,3,2018,DEF,
Tennessee (Ten),12,3,2018,DEF,
Washington (Was),7,3,2018,DEF,
Arizona (Ari),3,4,2018,DEF,
Atlanta (Atl),3,4,2018,DEF,
Baltimore (Bal),6,4,2018,DEF,
Buffalo (Buf),6,4,2018,DEF,
Carolina (Car),,4,2018,DEF,
Chicago (Chi),14,4,2018,DEF,
Cincinnati (Cin),-1,4,2018,DEF,
Cleveland (Cle),3,4,2018,DEF,
Dallas (Dal),3,4,2018,DEF,
Denver (Den),1,4,2018,DEF,
Detroit (Det),3,4,2018,DEF,
Green Bay (GB),23,4,2018,DEF, 
Houston (Hou),13,4,2018,DEF,
Indianapolis (Ind),8,4,2018,DEF,
Jacksonville (Jax),9,4,2018,DEF,
Kansas City (KC),6,4,2018,DEF,
Los Angeles (LAC),5,4,2018,DEF,
Los Angeles (LAR),5,4,2018,DEF,
Miami (Mia),0,4,2018,DEF,
Minnesota (Min),-3,4,2018,DEF,
New England (NE),10,4,2018,DEF,
New Orleans (NO),8,4,2018,DEF,
New York (NYG),0,4,2018,DEF,
New York (NYJ),7,4,2018,DEF,
Oakland (Oak),12,4,2018,DEF,
Philadelphia (Phi),5,4,2018,DEF,
Pittsburgh (Pit),4,4,2018,DEF,
San Francisco (SF),8,4,2018,DEF,
Seattle (Sea),4,4,2018,DEF,
Tampa Bay (TB),-3,4,2018,DEF,
Tennessee (Ten),6,4,2018,DEF,
Washington (Was),,4,2018,DEF,
Arizona (Ari),21,5,2018,DEF,
Atlanta (Atl),-2,5,2018,DEF,
Baltimore (Bal),11,5,2018,DEF,
Buffalo (Buf),12,5,2018,DEF,
Carolina (Car),12,5,2018,DEF,
Chicago (Chi),,5,2018,DEF,
Cincinnati (Cin),22,5,2018,DEF,
Cleveland (Cle),12,5,2018,DEF,
Dallas (Dal),6,5,2018,DEF,
Denver (Den),4,5,2018,DEF,
Detroit (Det),10,5,2018,DEF,
Green Bay (GB),2,5,2018,DEF,
Houston (Hou),7,5,2018,DEF,
Indianapolis (Ind),0,5,2018,DEF,
Jacksonville (Jax),5,5,2018,DEF,
Kansas City (KC),22,5,2018,DEF,
Los Angeles (LAC),11,5,2018,DEF,
Los Angeles (LAR),1,5,2018,DEF,
Miami (Mia),13,5,2018,DEF,
Minnesota (Min),13,5,2018,DEF,
New England (NE),7,5,2018,DEF,
New Orleans (NO),8,5,2018,DEF,
New York (NYG),5,5,2018,DEF,
New York (NYJ),7,5,2018,DEF,
Oakland (Oak),1,5,2018,DEF,
Philadelphia (Phi),4,5,2018,DEF,
Pittsburgh (Pit),17,5,2018,DEF,
San Francisco (SF),1,5,2018,DEF,
Seattle (Sea),4,5,2018,DEF,
Tampa Bay (TB),,5,2018,DEF,
Tennessee (Ten),7,5,2018,DEF,
Washington (Was),0,5,2018,DEF,
Arizona (Ari),14,6,2018,DEF,
Atlanta (Atl),5,6,2018,DEF,
Baltimore (Bal),21,6,2018,DEF,
Buffalo (Buf),14,6,2018,DEF,
Carolina (Car),3,6,2018,DEF,
Chicago (Chi),5,6,2018,DEF,
Cincinnati (Cin),-1,6,2018,DEF,
Cleveland (Cle),-1,6,2018,DEF,
Dallas (Dal),11,6,2018,DEF,
Denver (Den),7,6,2018,DEF,
Detroit (Det),,6,2018,DEF,
Green Bay (GB),7,6,2018,DEF,
Houston (Hou),20,6,2018,DEF,
Indianapolis (Ind),2,6,2018,DEF,
Jacksonville (Jax),-1,6,2018,DEF,
Kansas City (KC),0,6,2018,DEF,
Los Angeles (LAC),10,6,2018,DEF,
Los Angeles (LAR),5,6,2018,DEF,
Miami (Mia),7,6,2018,DEF,
Minnesota (Min),12,6,2018,DEF,
New England (NE),0,6,2018,DEF,
New Orleans (NO),,6,2018,DEF,
New York (NYG),0,6,2018,DEF,
New York (NYJ),13,6,2018,DEF,
Oakland (Oak),3,6,2018,DEF,
Philadelphia (Phi),10,6,2018,DEF,
Pittsburgh (Pit),3,6,2018,DEF,
San Francisco (SF),2,6,2018,DEF,
Seattle (Sea),17,6,2018,DEF,
Tampa Bay (TB),0,6,2018,DEF,
Tennessee (Ten),2,6,2018,DEF,
Washington (Was),8,6,2018,DEF,
Arizona (Ari),3,7,2018,DEF,
Atlanta (Atl),5,7,2018,DEF,
Baltimore (Bal),3,7,2018,DEF,
Buffalo (Buf),-2,7,2018,DEF,
Carolina (Car),7,7,2018,DEF,
Chicago (Chi),3,7,2018,DEF,
Cincinnati (Cin),0,7,2018,DEF,
Cleveland (Cle),14,7,2018,DEF,
Dallas (Dal),2,7,2018,DEF,
Denver (Den),32,7,2018,DEF,
Detroit (Det),4,7,2018,DEF,
Green Bay (GB),,7,2018,DEF,
Houston (Hou),14,7,2018,DEF,
Indianapolis (Ind),19,7,2018,DEF,
Jacksonville (Jax),2,7,2018,DEF,
Kansas City (KC),14,7,2018,DEF,
Los Angeles (LAC),5,7,2018,DEF,
Los Angeles (LAR),23,7,2018,DEF,
Miami (Mia),0,7,2018,DEF,
Minnesota (Min),12,7,2018,DEF,
New England (NE),19,7,2018,DEF,
New Orleans (NO),1,7,2018,DEF,
New York (NYG),5,7,2018,DEF,
New York (NYJ),-3,7,2018,DEF,
Oakland (Oak),,7,2018,DEF,
Philadelphia (Phi),2,7,2018,DEF,
Pittsburgh (Pit),,7,2018,DEF,
San Francisco (SF),-3,7,2018,DEF,
Seattle (Sea),,7,2018,DEF,
Tampa Bay (TB),7,7,2018,DEF,
Tennessee (Ten),3,7,2018,DEF,
Washington (Was),15,7,2018,DEF,
Arizona (Ari),8,8,2018,DEF,
Atlanta (Atl),,8,2018,DEF,
Baltimore (Bal),-4,8,2018,DEF,
Buffalo (Buf),3,8,2018,DEF,
Carolina (Car),8,8,2018,DEF,
Chicago (Chi),5,8,2018,DEF,
Cincinnati (Cin),19,8,2018,DEF,
Cleveland (Cle),4,8,2018,DEF,
Dallas (Dal),,8,2018,DEF,
Denver (Den),3,8,2018,DEF,
Detroit (Det),1,8,2018,DEF,
Green Bay (GB),5,8,2018,DEF,
Houston (Hou),4,8,2018,DEF,
Indianapolis (Ind),1,8,2018,DEF,
Jacksonville (Jax),10,8,2018,DEF,
Kansas City (KC),9,8,2018,DEF,
Los Angeles (LAC),,8,2018,DEF,
Los Angeles (LAR),7,8,2018,DEF,
Miami (Mia),-4,8,2018,DEF,
Minnesota (Min),2,8,2018,DEF,
New England (NE),20,8,2018,DEF,
New Orleans (NO),15,8,2018,DEF,
New York (NYG),3,8,2018,DEF,
New York (NYJ),2,8,2018,DEF,
Oakland (Oak),-4,8,2018,DEF,
Philadelphia (Phi),7,8,2018,DEF,
Pittsburgh (Pit),7,8,2018,DEF,
San Francisco (SF),10,8,2018,DEF,
Seattle (Sea),10,8,2018,DEF,
Tampa Bay (TB),1,8,2018,DEF,
Tennessee (Ten),,8,2018,DEF,
Washington (Was),15,8,2018,DEF,
Arizona (Ari),,9,2018,DEF,
Atlanta (Atl),6,9,2018,DEF,
Baltimore (Bal),1,9,2018,DEF,
Buffalo (Buf),2,9,2018,DEF,
Carolina (Car),6,9,2018,DEF,
Chicago (Chi),28,9,2018,DEF,
Cincinnati (Cin),,9,2018,DEF,
Cleveland (Cle),0,9,2018,DEF,
Dallas (Dal),7,9,2018,DEF,
Denver (Den),5,9,2018,DEF,
Detroit (Det),6,9,2018,DEF,
Green Bay (GB),1,9,2018,DEF,
Houston (Hou),5,9,2018,DEF,
Indianapolis (Ind),,9,2018,DEF,
Jacksonville (Jax),,9,2018,DEF,
Kansas City (KC),6,9,2018,DEF,
Los Angeles (LAC),13,9,2018,DEF,
Los Angeles (LAR),-2,9,2018,DEF,
Miami (Mia),25,9,2018,DEF,
Minnesota (Min),22,9,2018,DEF,
New England (NE),4,9,2018,DEF,
New Orleans (NO),-2,9,2018,DEF,
New York (NYG),,9,2018,DEF,
New York (NYJ),8,9,2018,DEF,
Oakland (Oak),-1,9,2018,DEF,
Philadelphia (Phi),,9,2018,DEF,
Pittsburgh (Pit),3,9,2018,DEF,
San Francisco (SF),15,9,2018,DEF,
Seattle (Sea),3,9,2018,DEF,
Tampa Bay (TB),-2,9,2018,DEF,
Tennessee (Ten),10,9,2018,DEF,
Washington (Was),0,9,2018,DEF,
Arizona (Ari),8,10,2018,DEF,
Atlanta (Atl),1,10,2018,DEF,
Baltimore (Bal),,10,2018,DEF,
Buffalo (Buf),11,10,2018,DEF,
Carolina (Car),-3,10,2018,DEF,
Chicago (Chi),12,10,2018,DEF,
Cincinnati (Cin),-4,10,2018,DEF,
Cleveland (Cle),9,10,2018,DEF,
Dallas (Dal),5,10,2018,DEF,
Denver (Den),,10,2018,DEF,
Detroit (Det),0,10,2018,DEF,
Green Bay (GB),14,10,2018,DEF,
Houston (Hou),,10,2018,DEF,
Indianapolis (Ind),2,10,2018,DEF,
Jacksonville (Jax),1,10,2018,DEF,
Kansas City (KC),10,10,2018,DEF,
Los Angeles (LAC),13,10,2018,DEF,
Los Angeles (LAR),5,10,2018,DEF,
Miami (Mia),5,10,2018,DEF,
Minnesota (Min),,10,2018,DEF,
New England (NE),1,10,2018,DEF,
New Orleans (NO),9,10,2018,DEF,
New York (NYG),4,10,2018,DEF,
New York (NYJ),-3,10,2018,DEF,
Oakland (Oak),4,10,2018,DEF,
Philadelphia (Phi),4,10,2018,DEF,
Pittsburgh (Pit),15,10,2018,DEF,
San Francisco (SF),1,10,2018,DEF,
Seattle (Sea),-2,10,2018,DEF,
Tampa Bay (TB),4,10,2018,DEF,
Tennessee (Ten),7,10,2018,DEF,
Washington (Was),17,10,2018,DEF,
Arizona (Ari),4,11,2018,DEF,
Atlanta (Atl),2,11,2018,DEF,
Baltimore (Bal),1,11,2018,DEF,
Buffalo (Buf),,11,2018,DEF,
Carolina (Car),2,11,2018,DEF,
Chicago (Chi),15,11,2018,DEF,
Cincinnati (Cin),5,11,2018,DEF,
Cleveland (Cle),,11,2018,DEF,
Dallas (Dal),6,11,2018,DEF,
Denver (Den),7,11,2018,DEF,
Detroit (Det),6,11,2018,DEF,
Green Bay (GB),5,11,2018,DEF,
Houston (Hou),15,11,2018,DEF,
Indianapolis (Ind),13,11,2018,DEF,
Jacksonville (Jax),9,11,2018,DEF,
Kansas City (KC),11,11,2018,DEF,
Los Angeles (LAC),0,11,2018,DEF,
Los Angeles (LAR),21,11,2018,DEF,
Miami (Mia),,11,2018,DEF,
Minnesota (Min),8,11,2018,DEF,
New England (NE),,11,2018,DEF,
New Orleans (NO),13,11,2018,DEF,
New York (NYG),11,11,2018,DEF,
New York (NYJ),,11,2018,DEF,
Oakland (Oak),5,11,2018,DEF,
Philadelphia (Phi),-4,11,2018,DEF,
Pittsburgh (Pit),9,11,2018,DEF,
San Francisco (SF),,11,2018,DEF,
Seattle (Sea),5,11,2018,DEF,
Tampa Bay (TB),3,11,2018,DEF,
Tennessee (Ten),-4,11,2018,DEF,
Washington (Was),10,11,2018,DEF,
Arizona (Ari),2,12,2018,DEF,
Atlanta (Atl),3,12,2018,DEF,
Baltimore (Bal),18,12,2018,DEF,
Buffalo (Buf),7,12,2018,DEF,
Carolina (Car),1,12,2018,DEF,
Chicago (Chi),13,12,2018,DEF,
Cincinnati (Cin),-4,12,2018,DEF,
Cleveland (Cle),8,12,2018,DEF,
Dallas (Dal),9,12,2018,DEF,
Denver (Den),11,12,2018,DEF,
Detroit (Det),7,12,2018,DEF,
Green Bay (GB),2,12,2018,DEF,
Houston (Hou),9,12,2018,DEF,
Indianapolis (Ind),3,12,2018,DEF,
Jacksonville (Jax),0,12,2018,DEF,
Kansas City (KC),,12,2018,DEF,
Los Angeles (LAC),8,12,2018,DEF,
Los Angeles (LAR),,12,2018,DEF,
Miami (Mia),7,12,2018,DEF,
Minnesota (Min),7,12,2018,DEF,
New England (NE),8,12,2018,DEF,
New Orleans (NO),15,12,2018,DEF,
New York (NYG),3,12,2018,DEF,
New York (NYJ),0,12,2018,DEF,
Oakland (Oak),4,12,2018,DEF,
Philadelphia (Phi),4,12,2018,DEF,
Pittsburgh (Pit),2,12,2018,DEF,
San Francisco (SF),1,12,2018,DEF,
Seattle (Sea),2,12,2018,DEF,
Tampa Bay (TB),12,12,2018,DEF,
Tennessee (Ten),3,12,2018,DEF,
Washington (Was),3,12,2018,DEF,
Arizona (Ari),2,13,2018,DEF,
Atlanta (Atl),11,13,2018,DEF,
Baltimore (Bal),15,13,2018,DEF,
Buffalo (Buf),5,13,2018,DEF,
Carolina (Car),6,13,2018,DEF,
Chicago (Chi),5,13,2018,DEF,
Cincinnati (Cin),4,13,2018,DEF,
Cleveland (Cle),4,13,2018,DEF,
Dallas (Dal),8,13,2018,DEF,
Denver (Den),14,13,2018,DEF,
Detroit (Det),5,13,2018,DEF,
Green Bay (GB),3,13,2018,DEF,
Houston (Hou),18,13,2018,DEF,
Indianapolis (Ind),12,13,2018,DEF,
Jacksonville (Jax),17,13,2018,DEF,
Kansas City (KC),8,13,2018,DEF,
Los Angeles (LAC),8,13,2018,DEF,
Los Angeles (LAR),9,13,2018,DEF,
Miami (Mia),9,13,2018,DEF,
Minnesota (Min),2,13,2018,DEF,
New England (NE),10,13,2018,DEF,
New Orleans (NO),15,13,2018,DEF,
New York (NYG),17,13,2018,DEF,
New York (NYJ),13,13,2018,DEF,
Oakland (Oak),-2,13,2018,DEF,
Philadelphia (Phi),9,13,2018,DEF,
Pittsburgh (Pit),1,13,2018,DEF,
San Francisco (SF),-1,13,2018,DEF,
Seattle (Sea),16,13,2018,DEF,
Tampa Bay (TB),13,13,2018,DEF,
Tennessee (Ten),5,13,2018,DEF,
Washington (Was),1,13,2018,DEF,
Arizona (Ari),7,14,2018,DEF,
Atlanta (Atl),3,14,2018,DEF,
Baltimore (Bal),5,14,2018,DEF,
Buffalo (Buf),4,14,2018,DEF,
Carolina (Car),5,14,2018,DEF,
Chicago (Chi),20,14,2018,DEF,
Cincinnati (Cin),2,14,2018,DEF,
Cleveland (Cle),4,14,2018,DEF,
Dallas (Dal),4,14,2018,DEF,
Denver (Den),6,14,2018,DEF,
Detroit (Det),18,14,2018,DEF,
Green Bay (GB),13,14,2018,DEF,
Houston (Hou),4,14,2018,DEF,
Indianapolis (Ind),5,14,2018,DEF,
Jacksonville (Jax),4,14,2018,DEF,
Kansas City (KC),4,14,2018,DEF,
Los Angeles (LAC),3,14,2018,DEF,
Los Angeles (LAR),11,14,2018,DEF,
Miami (Mia),1,14,2018,DEF,
Minnesota (Min),5,14,2018,DEF,
New England (NE),6,14,2018,DEF,
New Orleans (NO),9,14,2018,DEF,
New York (NYG),18,14,2018,DEF,
New York (NYJ),11,14,2018,DEF,
Oakland (Oak),3,14,2018,DEF,
Philadelphia (Phi),8,14,2018,DEF,
Pittsburgh (Pit),6,14,2018,DEF,
San Francisco (SF),3,14,2018,DEF,
Seattle (Sea),16,14,2018,DEF,
Tampa Bay (TB),4,14,2018,DEF,
Tennessee (Ten),10,14,2018,DEF,
Washington (Was),3,14,2018,DEF,
Arizona (Ari),1,15,2018,DEF,
Atlanta (Atl),20,15,2018,DEF,
Baltimore (Bal),7,15,2018,DEF,
Buffalo (Buf),4,15,2018,DEF,
Carolina (Car),8,15,2018,DEF,
Chicago (Chi),8,15,2018,DEF,
Cincinnati (Cin),10,15,2018,DEF,
Cleveland (Cle),7,15,2018,DEF,
Dallas (Dal),2,15,2018,DEF,
Denver (Den),7,15,2018,DEF,
Detroit (Det),2,15,2018,DEF,
Green Bay (GB),3,15,2018,DEF,
Houston (Hou),5,15,2018,DEF,
Indianapolis (Ind),17,15,2018,DEF,
Jacksonville (Jax),10,15,2018,DEF,
Kansas City (KC),8,15,2018,DEF,
Los Angeles (LAC),1,15,2018,DEF,
Los Angeles (LAR),1,15,2018,DEF,
Miami (Mia),6,15,2018,DEF,
Minnesota (Min),13,15,2018,DEF,
New England (NE),7,15,2018,DEF,
New Orleans (NO),12,15,2018,DEF,
New York (NYG),2,15,2018,DEF,
New York (NYJ),5,15,2018,DEF,
Oakland (Oak),2,15,2018,DEF,
Philadelphia (Phi),8,15,2018,DEF,
Pittsburgh (Pit),7,15,2018,DEF,
San Francisco (SF),9,15,2018,DEF,
Seattle (Sea),5,15,2018,DEF,
Tampa Bay (TB),7,15,2018,DEF,
Tennessee (Ten),17,15,2018,DEF,
Washington (Was),14,15,2018,DEF,
Arizona (Ari),3,16,2018,DEF,
Atlanta (Atl),14,16,2018,DEF,
Baltimore (Bal),20,16,2018,DEF,
Buffalo (Buf),7,16,2018,DEF,
Carolina (Car),5,16,2018,DEF,
Chicago (Chi),7,16,2018,DEF,
Cincinnati (Cin),2,16,2018,DEF,
Cleveland (Cle),4,16,2018,DEF,
Dallas (Dal),14,16,2018,DEF,
Denver (Den),1,16,2018,DEF,
Detroit (Det),2,16,2018,DEF,
Green Bay (GB),-2,16,2018,DEF,
Houston (Hou),6,16,2018,DEF,
Indianapolis (Ind),2,16,2018,DEF,
Jacksonville (Jax),17,16,2018,DEF,
Kansas City (KC),-1,16,2018,DEF,
Los Angeles (LAC),6,16,2018,DEF,
Los Angeles (LAR),8,16,2018,DEF,
Miami (Mia),12,16,2018,DEF,
Minnesota (Min),7,16,2018,DEF,
New England (NE),10,16,2018,DEF,
New Orleans (NO),6,16,2018,DEF,
New York (NYG),2,16,2018,DEF,
New York (NYJ),8,16,2018,DEF,
Oakland (Oak),12,16,2018,DEF,
Philadelphia (Phi),5,16,2018,DEF,
Pittsburgh (Pit),5,16,2018,DEF,
San Francisco (SF),8,16,2018,DEF,
Seattle (Sea),4,16,2018,DEF,
Tampa Bay (TB),1,16,2018,DEF,
Tennessee (Ten),13,16,2018,DEF,
Washington (Was),4,16,2018,DEF,
Arizona (Ari),16,17,2018,DEF,
Atlanta (Atl),2,17,2018,DEF,
Baltimore (Bal),6,17,2018,DEF,
Buffalo (Buf),18,17,2018,DEF,
Carolina (Car),5,17,2018,DEF,
Chicago (Chi),8,17,2018,DEF,
Cincinnati (Cin),10,17,2018,DEF,
Cleveland (Cle),4,17,2018,DEF,
Dallas (Dal),1,17,2018,DEF,
Denver (Den),10,17,2018,DEF,
Detroit (Det),15,17,2018,DEF,
Green Bay (GB),0,17,2018,DEF,
Houston (Hou),14,17,2018,DEF,
Indianapolis (Ind),10,17,2018,DEF,
Jacksonville (Jax),9,17,2018,DEF,
Kansas City (KC),24,17,2018,DEF,
Los Angeles (LAC),21,17,2018,DEF,
Los Angeles (LAR),16,17,2018,DEF,
Miami (Mia),5,17,2018,DEF,
Minnesota (Min),0,17,2018,DEF,
New England (NE),23,17,2018,DEF,
New Orleans (NO),0,17,2018,DEF,
New York (NYG),2,17,2018,DEF,
New York (NYJ),0,17,2018,DEF,
Oakland (Oak),1,17,2018,DEF,
Philadelphia (Phi),16,17,2018,DEF,
Pittsburgh (Pit),8,17,2018,DEF,
San Francisco (SF),-4,17,2018,DEF,
Seattle (Sea),10,17,2018,DEF,
Tampa Bay (TB),2,17,2018,DEF,
Tennessee (Ten),10,17,2018,DEF,
Washington (Was),5,17,2018,DEF,
Arizona (Ari),8,1,2017,DEF,
Atlanta (Atl),5,1,2017,DEF,
Baltimore (Bal),25,1,2017,DEF,
Buffalo (Buf),9,1,2017,DEF,
Carolina (Car),15,1,2017,DEF,
Chicago (Chi),2,1,2017,DEF,
Cincinnati (Cin),4,1,2017,DEF,
Cleveland (Cle),3,1,2017,DEF,
Dallas (Dal),12,1,2017,DEF,
Denver (Den),5,1,2017,DEF,
Detroit (Det),16,1,2017,DEF,
Green Bay (GB),9,1,2017,DEF,
Houston (Hou),0,1,2017,DEF,
Indianapolis (Ind),2,1,2017,DEF,
Jacksonville (Jax),28,1,2017,DEF,
Kansas City (KC),3,1,2017,DEF,
Los Angeles (LAC),8,1,2017,DEF,
Los Angeles (LAR),28,1,2017,DEF,
Miami (Mia),,1,2017,DEF,
Minnesota (Min),2,1,2017,DEF,
New England (NE),1,1,2017,DEF,
New Orleans (NO),0,1,2017,DEF,
New York (NYG),2,1,2017,DEF,
New York (NYJ),4,1,2017,DEF,
Oakland (Oak),2,1,2017,DEF,
Philadelphia (Phi),22,1,2017,DEF,
Pittsburgh (Pit),18,1,2017,DEF,
San Francisco (SF),4,1,2017,DEF,
Seattle (Sea),7,1,2017,DEF,
Tampa Bay (TB),,1,2017,DEF,
Tennessee (Ten),2,1,2017,DEF,
Washington (Was),12,1,2017,DEF,
Arizona (Ari),10,2,2017,DEF,
Atlanta (Atl),13,2,2017,DEF,
Baltimore (Bal),17,2,2017,DEF,
Buffalo (Buf),10,2,2017,DEF,
Carolina (Car),10,2,2017,DEF,
Chicago (Chi),4,2,2017,DEF,
Cincinnati (Cin),7,2,2017,DEF,
Cleveland (Cle),6,2,2017,DEF,
Dallas (Dal),2,2,2017,DEF,
Denver (Den),13,2,2017,DEF,
Detroit (Det),17,2,2017,DEF,
Green Bay (GB),2,2,2017,DEF,
Houston (Hou),9,2,2017,DEF,
Indianapolis (Ind),7,2,2017,DEF,
Jacksonville (Jax),-1,2,2017,DEF,
Kansas City (KC),11,2,2017,DEF,
Los Angeles (LAC),3,2,2017,DEF,
Los Angeles (LAR),2,2,2017,DEF,
Miami (Mia),2,2,2017,DEF,
Minnesota (Min),2,2,2017,DEF,
New England (NE),2,2,2017,DEF,
New Orleans (NO),-2,2,2017,DEF,
New York (NYG),5,2,2017,DEF,
New York (NYJ),-4,2,2017,DEF,
Oakland (Oak),9,2,2017,DEF,
Philadelphia (Phi),4,2,2017,DEF,
Pittsburgh (Pit),8,2,2017,DEF,
San Francisco (SF),7,2,2017,DEF,
Seattle (Sea),8,2,2017,DEF,
Tampa Bay (TB),19,2,2017,DEF,
Tennessee (Ten),9,2,2017,DEF,
Washington (Was),7,2,2017,DEF,
Arizona (Ari),0,3,2017,DEF,
Atlanta (Atl),3,3,2017,DEF,
Baltimore (Bal),-4,3,2017,DEF,
Buffalo (Buf),8,3,2017,DEF,
Carolina (Car),0,3,2017,DEF,
Chicago (Chi),10,3,2017,DEF,
Cincinnati (Cin),14,3,2017,DEF,
Cleveland (Cle),4,3,2017,DEF,
Dallas (Dal),7,3,2017,DEF,
Denver (Den),4,3,2017,DEF,
Detroit (Det),13,3,2017,DEF,
Green Bay (GB),6,3,2017,DEF,
Houston (Hou),9,3,2017,DEF,
Indianapolis (Ind),6,3,2017,DEF,
Jacksonville (Jax),12,3,2017,DEF,
Kansas City (KC),12,3,2017,DEF,
Los Angeles (LAC),5,3,2017,DEF,
Los Angeles (LAR),4,3,2017,DEF,
Miami (Mia),5,3,2017,DEF,
Minnesota (Min),9,3,2017,DEF,
New England (NE),6,3,2017,DEF,
New Orleans (NO),14,3,2017,DEF,
New York (NYG),5,3,2017,DEF,
New York (NYJ),14,3,2017,DEF,
Oakland (Oak),5,3,2017,DEF,
Philadelphia (Phi),4,3,2017,DEF,
Pittsburgh (Pit),6,3,2017,DEF,
San Francisco (SF),0,3,2017,DEF,
Seattle (Sea),-1,3,2017,DEF,
Tampa Bay (TB),-1,3,2017,DEF,
Tennessee (Ten),1,3,2017,DEF,
Washington (Was),14,3,2017,DEF,
Arizona (Ari),6,4,2017,DEF,
Atlanta (Atl),4,4,2017,DEF,
Baltimore (Bal),3,4,2017,DEF,
Buffalo (Buf),14,4,2017,DEF,
Carolina (Car),2,4,2017,DEF,
Chicago (Chi),-2,4,2017,DEF,
Cincinnati (Cin),8,4,2017,DEF,
Cleveland (Cle),4,4,2017,DEF,
Dallas (Dal),-3,4,2017,DEF,
Denver (Den),9,4,2017,DEF,
Detroit (Det),12,4,2017,DEF,
Green Bay (GB),10,4,2017,DEF,
Houston (Hou),19,4,2017,DEF,
Indianapolis (Ind),8,4,2017,DEF,
Jacksonville (Jax),15,4,2017,DEF,
Kansas City (KC),9,4,2017,DEF,
Los Angeles (LAC),1,4,2017,DEF,
Los Angeles (LAR),5,4,2017,DEF,
Miami (Mia),2,4,2017,DEF,
Minnesota (Min),7,4,2017,DEF,
New England (NE),5,4,2017,DEF,
New Orleans (NO),16,4,2017,DEF,
New York (NYG),1,4,2017,DEF,
New York (NYJ),4,4,2017,DEF,
Oakland (Oak),5,4,2017,DEF,
Philadelphia (Phi),4,4,2017,DEF,
Pittsburgh (Pit),14,4,2017,DEF,
San Francisco (SF),9,4,2017,DEF,
Seattle (Sea),20,4,2017,DEF,
Tampa Bay (TB),0,4,2017,DEF,
Tennessee (Ten),0,4,2017,DEF,
Washington (Was),4,4,2017,DEF,
Arizona (Ari),2,5,2017,DEF,
Atlanta (Atl),,5,2017,DEF,
Baltimore (Bal),12,5,2017,DEF,
Buffalo (Buf),8,5,2017,DEF,
Carolina (Car),8,5,2017,DEF,
Chicago (Chi),7,5,2017,DEF,
Cincinnati (Cin),9,5,2017,DEF,
Cleveland (Cle),6,5,2017,DEF,
Dallas (Dal),5,5,2017,DEF,
Denver (Den),,5,2017,DEF,
Detroit (Det),3,5,2017,DEF,
Green Bay (GB),12,5,2017,DEF,
Houston (Hou),-3,5,2017,DEF,
Indianapolis (Ind),2,5,2017,DEF,
Jacksonville (Jax),28,5,2017,DEF,
Kansas City (KC),10,5,2017,DEF,
Los Angeles (LAC),10,5,2017,DEF,
Los Angeles (LAR),8,5,2017,DEF,
Miami (Mia),20,5,2017,DEF,
Minnesota (Min),6,5,2017,DEF,
New England (NE),3,5,2017,DEF,
New Orleans (NO),,5,2017,DEF,
New York (NYG),4,5,2017,DEF,
New York (NYJ),8,5,2017,DEF,
Oakland (Oak),0,5,2017,DEF,
Philadelphia (Phi),8,5,2017,DEF,
Pittsburgh (Pit),5,5,2017,DEF,
San Francisco (SF),6,5,2017,DEF,
Seattle (Sea),14,5,2017,DEF,
Tampa Bay (TB),8,5,2017,DEF,
Tennessee (Ten),9,5,2017,DEF,
Washington (Was),,5,2017,DEF,
Arizona (Ari),6,6,2017,DEF,
Atlanta (Atl),3,6,2017,DEF,
Baltimore (Bal),20,6,2017,DEF,
Buffalo (Buf),,6,2017,DEF,
Carolina (Car),4,6,2017,DEF,
Chicago (Chi),15,6,2017,DEF,
Cincinnati (Cin),,6,2017,DEF,
Cleveland (Cle),9,6,2017,DEF,
Dallas (Dal),,6,2017,DEF,
Denver (Den),6,6,2017,DEF,
Detroit (Det),17,6,2017,DEF,
Green Bay (GB),4,6,2017,DEF,
Houston (Hou),22,6,2017,DEF,
Indianapolis (Ind),5,6,2017,DEF,
Jacksonville (Jax),5,6,2017,DEF,
Kansas City (KC),4,6,2017,DEF,
Los Angeles (LAC),6,6,2017,DEF,
Los Angeles (LAR),22,6,2017,DEF,
Miami (Mia),5,6,2017,DEF,
Minnesota (Min),14,6,2017,DEF,
New England (NE),9,6,2017,DEF,
New Orleans (NO),32,6,2017,DEF,
New York (NYG),22,6,2017,DEF,
New York (NYJ),4,6,2017,DEF,
Oakland (Oak),4,6,2017,DEF,
Philadelphia (Phi),8,6,2017,DEF,
Pittsburgh (Pit),9,6,2017,DEF,
San Francisco (SF),5,6,2017,DEF,
Seattle (Sea),,6,2017,DEF,
Tampa Bay (TB),8,6,2017,DEF,
Tennessee (Ten),4,6,2017,DEF,
Washington (Was),5,6,2017,DEF,
Arizona (Ari),2,7,2017,DEF,
Atlanta (Atl),2,7,2017,DEF,
Baltimore (Bal),2,7,2017,DEF,
Buffalo (Buf),7,7,2017,DEF,
Carolina (Car),13,7,2017,DEF,
Chicago (Chi),30,7,2017,DEF,
Cincinnati (Cin),-1,7,2017,DEF,
Cleveland (Cle),8,7,2017,DEF,
Dallas (Dal),15,7,2017,DEF,
Denver (Den),3,7,2017,DEF,
Detroit (Det),,7,2017,DEF,
Green Bay (GB),5,7,2017,DEF,
Houston (Hou),,7,2017,DEF,
Indianapolis (Ind),5,7,2017,DEF,
Jacksonville (Jax),20,7,2017,DEF,
Kansas City (KC),1,7,2017,DEF,
Los Angeles (LAC),27,7,2017,DEF,
Los Angeles (LAR),17,7,2017,DEF,
Miami (Mia),6,7,2017,DEF,
Minnesota (Min),6,7,2017,DEF,
New England (NE),7,7,2017,DEF,
New Orleans (NO),4,7,2017,DEF,
New York (NYG),3,7,2017,DEF,
New York (NYJ),6,7,2017,DEF,
Oakland (Oak),0,7,2017,DEF,
Philadelphia (Phi),6,7,2017,DEF,
Pittsburgh (Pit),9,7,2017,DEF,
San Francisco (SF),-4,7,2017,DEF,
Seattle (Sea),7,7,2017,DEF,
Tampa Bay (TB),2,7,2017,DEF,
Tennessee (Ten),12,7,2017,DEF,
Washington (Was),4,7,2017,DEF,
Arizona (Ari),,8,2017,DEF,
Atlanta (Atl),6,8,2017,DEF,
Baltimore (Bal),29,8,2017,DEF,
Buffalo (Buf),15,8,2017,DEF,
Carolina (Car),16,8,2017,DEF,
Chicago (Chi),7,8,2017,DEF,
Cincinnati (Cin),14,8,2017,DEF,
Cleveland (Cle),2,8,2017,DEF,
Dallas (Dal),19,8,2017,DEF,
Denver (Den),5,8,2017,DEF,
Detroit (Det),5,8,2017,DEF,
Green Bay (GB),,8,2017,DEF,
Houston (Hou),0,8,2017,DEF,
Indianapolis (Ind),10,8,2017,DEF,
Jacksonville (Jax),,8,2017,DEF,
Kansas City (KC),20,8,2017,DEF,
Los Angeles (LAC),4,8,2017,DEF,
Los Angeles (LAR),,8,2017,DEF,
Miami (Mia),1,8,2017,DEF,
Minnesota (Min),8,8,2017,DEF,
New England (NE),9,8,2017,DEF,
New Orleans (NO),8,8,2017,DEF,
New York (NYG),,8,2017,DEF,
New York (NYJ),5,8,2017,DEF,
Oakland (Oak),-1,8,2017,DEF,
Philadelphia (Phi),20,8,2017,DEF,
Pittsburgh (Pit),5,8,2017,DEF,
San Francisco (SF),5,8,2017,DEF,
Seattle (Sea),13,8,2017,DEF,
Tampa Bay (TB),3,8,2017,DEF,
Tennessee (Ten),,8,2017,DEF,
Washington (Was),4,8,2017,DEF,
Arizona (Ari),13,9,2017,DEF,
Atlanta (Atl),6,9,2017,DEF,
Baltimore (Bal),5,9,2017,DEF,
Buffalo (Buf),0,9,2017,DEF,
Carolina (Car),5,9,2017,DEF,
Chicago (Chi),,9,2017,DEF,
Cincinnati (Cin),2,9,2017,DEF,
Cleveland (Cle),,9,2017,DEF,
Dallas (Dal),5,9,2017,DEF,
Denver (Den),6,9,2017,DEF,
Detroit (Det),6,9,2017,DEF,
Green Bay (GB),2,9,2017,DEF,
Houston (Hou),12,9,2017,DEF,
Indianapolis (Ind),8,9,2017,DEF,
Jacksonville (Jax),12,9,2017,DEF,
Kansas City (KC),0,9,2017,DEF,
Los Angeles (LAC),,9,2017,DEF,
Los Angeles (LAR),11,9,2017,DEF,
Miami (Mia),5,9,2017,DEF,
Minnesota (Min),,9,2017,DEF,
New England (NE),,9,2017,DEF,
New Orleans (NO),18,9,2017,DEF,
New York (NYG),-4,9,2017,DEF,
New York (NYJ),13,9,2017,DEF,
Oakland (Oak),3,9,2017,DEF,
Philadelphia (Phi),8,9,2017,DEF,
Pittsburgh (Pit),,9,2017,DEF,
San Francisco (SF),5,9,2017,DEF,
Seattle (Sea),11,9,2017,DEF,
Tampa Bay (TB),4,9,2017,DEF,
Tennessee (Ten),7,9,2017,DEF,
Washington (Was),10,9,2017,DEF,
Arizona (Ari),6,10,2017,DEF,
Atlanta (Atl),16,10,2017,DEF,
Baltimore (Bal),,10,2017,DEF,
Buffalo (Buf),-2,10,2017,DEF,
Carolina (Car),2,10,2017,DEF,
Chicago (Chi),3,10,2017,DEF,
Cincinnati (Cin),6,10,2017,DEF,
Cleveland (Cle),5,10,2017,DEF,
Dallas (Dal),3,10,2017,DEF,
Denver (Den),-3,10,2017,DEF,
Detroit (Det),14,10,2017,DEF,
Green Bay (GB),6,10,2017,DEF,
Houston (Hou),2,10,2017,DEF,
Indianapolis (Ind),4,10,2017,DEF,
Jacksonville (Jax),5,10,2017,DEF,
Kansas City (KC),,10,2017,DEF,
Los Angeles (LAC),8,10,2017,DEF,
Los Angeles (LAR),15,10,2017,DEF,
Miami (Mia),-4,10,2017,DEF,
Minnesota (Min),2,10,2017,DEF,
New England (NE),13,10,2017,DEF,
New Orleans (NO),8,10,2017,DEF,
New York (NYG),3,10,2017,DEF,
New York (NYJ),4,10,2017,DEF,
Oakland (Oak),,10,2017,DEF,
Philadelphia (Phi),,10,2017,DEF,
Pittsburgh (Pit),6,10,2017,DEF,
San Francisco (SF),5,10,2017,DEF,
Seattle (Sea),7,10,2017,DEF,
Tampa Bay (TB),14,10,2017,DEF,
Tennessee (Ten),6,10,2017,DEF,
Washington (Was),0,10,2017,DEF,
Arizona (Ari),4,11,2017,DEF,
Atlanta (Atl),12,11,2017,DEF,
Baltimore (Bal),26,11,2017,DEF,
Buffalo (Buf),-3,11,2017,DEF,
Carolina (Car),,11,2017,DEF,
Chicago (Chi),5,11,2017,DEF,
Cincinnati (Cin),8,11,2017,DEF,
Cleveland (Cle),8,11,2017,DEF,
Dallas (Dal),-1,11,2017,DEF,
Denver (Den),5,11,2017,DEF,
Detroit (Det),9,11,2017,DEF,
Green Bay (GB),5,11,2017,DEF,
Houston (Hou),6,11,2017,DEF,
Indianapolis (Ind),,11,2017,DEF,
Jacksonville (Jax),25,11,2017,DEF,
Kansas City (KC),6,11,2017,DEF,
Los Angeles (LAC),25,11,2017,DEF,
Los Angeles (LAR),0,11,2017,DEF,
Miami (Mia),1,11,2017,DEF,
Minnesota (Min),8,11,2017,DEF,
New England (NE),9,11,2017,DEF,
New Orleans (NO),1,11,2017,DEF,
New York (NYG),11,11,2017,DEF,
New York (NYJ),,11,2017,DEF,
Oakland (Oak),0,11,2017,DEF,
Philadelphia (Phi),22,11,2017,DEF,
Pittsburgh (Pit),16,11,2017,DEF,
San Francisco (SF),,11,2017,DEF,
Seattle (Sea),2,11,2017,DEF,
Tampa Bay (TB),18,11,2017,DEF,
Tennessee (Ten),-1,11,2017,DEF,
Washington (Was),3,11,2017,DEF,
Arizona (Ari),10,12,2017,DEF,
Atlanta (Atl),2,12,2017,DEF,
Baltimore (Bal),9,12,2017,DEF,
Buffalo (Buf),8,12,2017,DEF,
Carolina (Car),17,12,2017,DEF,
Chicago (Chi),6,12,2017,DEF,
Cincinnati (Cin),5,12,2017,DEF,
Cleveland (Cle),0,12,2017,DEF,
Dallas (Dal),0,12,2017,DEF,
Denver (Den),4,12,2017,DEF,
Detroit (Det),3,12,2017,DEF,
Green Bay (GB),6,12,2017,DEF,
Houston (Hou),1,12,2017,DEF,
Indianapolis (Ind),5,12,2017,DEF,
Jacksonville (Jax),11,12,2017,DEF,
Kansas City (KC),3,12,2017,DEF,
Los Angeles (LAC),19,12,2017,DEF,
Los Angeles (LAR),4,12,2017,DEF,
Miami (Mia),7,12,2017,DEF,
Minnesota (Min),7,12,2017,DEF,
New England (NE),17,12,2017,DEF,
New Orleans (NO),6,12,2017,DEF,
New York (NYG),15,12,2017,DEF,
New York (NYJ),2,12,2017,DEF,
Oakland (Oak),8,12,2017,DEF,
Philadelphia (Phi),13,12,2017,DEF,
Pittsburgh (Pit),3,12,2017,DEF,
San Francisco (SF),2,12,2017,DEF,
Seattle (Sea),9,12,2017,DEF,
Tampa Bay (TB),1,12,2017,DEF,
Tennessee (Ten),11,12,2017,DEF,
Washington (Was),13,12,2017,DEF,
Arizona (Ari),3,13,2017,DEF,
Atlanta (Atl),3,13,2017,DEF,
Baltimore (Bal),16,13,2017,DEF,
Buffalo (Buf),5,13,2017,DEF,
Carolina (Car),3,13,2017,DEF,
Chicago (Chi),11,13,2017,DEF,
Cincinnati (Cin),3,13,2017,DEF,
Cleveland (Cle),2,13,2017,DEF,
Dallas (Dal),19,13,2017,DEF,
Denver (Den),14,13,2017,DEF,
Detroit (Det),-4,13,2017,DEF,
Green Bay (GB),16,13,2017,DEF,
Houston (Hou),4,13,2017,DEF,
Indianapolis (Ind),0,13,2017,DEF,
Jacksonville (Jax),12,13,2017,DEF,
Kansas City (KC),-4,13,2017,DEF,
Los Angeles (LAC),11,13,2017,DEF,
Los Angeles (LAR),20,13,2017,DEF,
Miami (Mia),28,13,2017,DEF,
Minnesota (Min),4,13,2017,DEF,
New England (NE),13,13,2017,DEF,
New Orleans (NO),4,13,2017,DEF,
New York (NYG),3,13,2017,DEF,
New York (NYJ),1,13,2017,DEF,
Oakland (Oak),8,13,2017,DEF,
Philadelphia (Phi),2,13,2017,DEF,
Pittsburgh (Pit),3,13,2017,DEF,
San Francisco (SF),3,13,2017,DEF,
Seattle (Sea),9,13,2017,DEF,
Tampa Bay (TB),5,13,2017,DEF,
Tennessee (Ten),10,13,2017,DEF,
Washington (Was),-3,13,2017,DEF,
Arizona (Ari),11,14,2017,DEF,
Atlanta (Atl),5,14,2017,DEF,
Baltimore (Bal),-1,14,2017,DEF,
Buffalo (Buf),5,14,2017,DEF,
Carolina (Car),12,14,2017,DEF,
Chicago (Chi),11,14,2017,DEF,
Cincinnati (Cin),1,14,2017,DEF,
Cleveland (Cle),1,14,2017,DEF,
Dallas (Dal),8,14,2017,DEF,
Denver (Den),18,14,2017,DEF,
Detroit (Det),13,14,2017,DEF,
Green Bay (GB),6,14,2017,DEF,
Houston (Hou),4,14,2017,DEF,
Indianapolis (Ind),8,14,2017,DEF,
Jacksonville (Jax),8,14,2017,DEF,
Kansas City (KC),10,14,2017,DEF,
Los Angeles (LAC),8,14,2017,DEF,
Los Angeles (LAR),8,14,2017,DEF,
Miami (Mia),7,14,2017,DEF,
Minnesota (Min),3,14,2017,DEF,
New England (NE),2,14,2017,DEF,
New Orleans (NO),8,14,2017,DEF,
New York (NYG),-1,14,2017,DEF,
New York (NYJ),2,14,2017,DEF,
Oakland (Oak),6,14,2017,DEF,
Philadelphia (Phi),8,14,2017,DEF,
Pittsburgh (Pit),-1,14,2017,DEF,
San Francisco (SF),6,14,2017,DEF,
Seattle (Sea),1,14,2017,DEF,
Tampa Bay (TB),6,14,2017,DEF,
Tennessee (Ten),12,14,2017,DEF,
Washington (Was),9,14,2017,DEF,
Arizona (Ari),4,15,2017,DEF,
Atlanta (Atl),4,15,2017,DEF,
Baltimore (Bal),20,15,2017,DEF,
Buffalo (Buf),12,15,2017,DEF,
Carolina (Car),11,15,2017,DEF,
Chicago (Chi),7,15,2017,DEF,
Cincinnati (Cin),3,15,2017,DEF,
Cleveland (Cle),1,15,2017,DEF,
Dallas (Dal),1,15,2017,DEF,
Denver (Den),5,15,2017,DEF,
Detroit (Det),12,15,2017,DEF,
Green Bay (GB),0,15,2017,DEF,
Houston (Hou),-3,15,2017,DEF,
Indianapolis (Ind),5,15,2017,DEF,
Jacksonville (Jax),10,15,2017,DEF,
Kansas City (KC),14,15,2017,DEF,
Los Angeles (LAC),0,15,2017,DEF,
Los Angeles (LAR),17,15,2017,DEF,
Miami (Mia),2,15,2017,DEF,
Minnesota (Min),17,15,2017,DEF,
New England (NE),4,15,2017,DEF,
New Orleans (NO),6,15,2017,DEF,
New York (NYG),0,15,2017,DEF,
New York (NYJ),5,15,2017,DEF,
Oakland (Oak),7,15,2017,DEF,
Philadelphia (Phi),6,15,2017,DEF,
Pittsburgh (Pit),4,15,2017,DEF,
San Francisco (SF),3,15,2017,DEF,
Seattle (Sea),0,15,2017,DEF,
Tampa Bay (TB),3,15,2017,DEF,
Tennessee (Ten),3,15,2017,DEF,
Washington (Was),10,15,2017,DEF,
Arizona (Ari),24,16,2017,DEF,
Atlanta (Atl),3,16,2017,DEF,
Baltimore (Bal),5,16,2017,DEF,
Buffalo (Buf),6,16,2017,DEF,
Carolina (Car),19,16,2017,DEF,
Chicago (Chi),14,16,2017,DEF,
Cincinnati (Cin),5,16,2017,DEF,
Cleveland (Cle),6,16,2017,DEF,
Dallas (Dal),4,16,2017,DEF,
Denver (Den),4,16,2017,DEF,
Detroit (Det),5,16,2017,DEF,
Green Bay (GB),4,16,2017,DEF,
Houston (Hou),-1,16,2017,DEF,
Indianapolis (Ind),3,16,2017,DEF,
Jacksonville (Jax),1,16,2017,DEF,
Kansas City (KC),8,16,2017,DEF,
Los Angeles (LAC),13,16,2017,DEF,
Los Angeles (LAR),4,16,2017,DEF,
Miami (Mia),0,16,2017,DEF,
Minnesota (Min),15,16,2017,DEF,
New England (NE),10,16,2017,DEF,
New Orleans (NO),13,16,2017,DEF,
New York (NYG),7,16,2017,DEF,
New York (NYJ),1,16,2017,DEF,
Oakland (Oak),10,16,2017,DEF,
Philadelphia (Phi),23,16,2017,DEF,
Pittsburgh (Pit),18,16,2017,DEF,
San Francisco (SF),12,16,2017,DEF,
Seattle (Sea),20,16,2017,DEF,
Tampa Bay (TB),4,16,2017,DEF,
Tennessee (Ten),9,16,2017,DEF,
Washington (Was),14,16,2017,DEF,
Arizona (Ari),3,17,2017,DEF,
Atlanta (Atl),12,17,2017,DEF,
Baltimore (Bal),3,17,2017,DEF,
Buffalo (Buf),4,17,2017,DEF,
Carolina (Car),1,17,2017,DEF,
Chicago (Chi),8,17,2017,DEF,
Cincinnati (Cin),9,17,2017,DEF,
Cleveland (Cle),6,17,2017,DEF,
Dallas (Dal),17,17,2017,DEF,
Denver (Den),12,17,2017,DEF,
Detroit (Det),16,17,2017,DEF,
Green Bay (GB),-2,17,2017,DEF,
Houston (Hou),2,17,2017,DEF,
Indianapolis (Ind),10,17,2017,DEF,
Jacksonville (Jax),12,17,2017,DEF,
Kansas City (KC),18,17,2017,DEF,
Los Angeles (LAC),10,17,2017,DEF,
Los Angeles (LAR),7,17,2017,DEF,
Miami (Mia),4,17,2017,DEF,
Minnesota (Min),7,17,2017,DEF,
New England (NE),13,17,2017,DEF,
New Orleans (NO),14,17,2017,DEF,
New York (NYG),13,17,2017,DEF,
New York (NYJ),2,17,2017,DEF,
Oakland (Oak),2,17,2017,DEF,
Philadelphia (Phi),10,17,2017,DEF,
Pittsburgh (Pit),16,17,2017,DEF,
San Francisco (SF),11,17,2017,DEF,
Seattle (Sea),9,17,2017,DEF,
Tampa Bay (TB),10,17,2017,DEF,
Tennessee (Ten),17,17,2017,DEF,
Washington (Was),5,17,2017,DEF,
Arizona (Ari),6,1,2016,DEF,
Atlanta (Atl),1,1,2016,DEF,
Baltimore (Bal),6,1,2016,DEF,
Buffalo (Buf),10,1,2016,DEF,
Carolina (Car),8,1,2016,DEF,
Chicago (Chi),4,1,2016,DEF,
Cincinnati (Cin),5,1,2016,DEF,
Cleveland (Cle),2,1,2016,DEF,
Dallas (Dal),5,1,2016,DEF,
Denver (Den),6,1,2016,DEF,
Detroit (Det),0,1,2016,DEF,
Green Bay (GB),5,1,2016,DEF,
Houston (Hou),8,1,2016,DEF,
Indianapolis (Ind),-3,1,2016,DEF,
Jacksonville (Jax),1,1,2016,DEF,
Kansas City (KC),1,1,2016,DEF,
Los Angeles (LAC),4,1,2016,DEF,
Los Angeles (LAR),1,1,2016,DEF,
Miami (Mia),13,1,2016,DEF,
Minnesota (Min),21,1,2016,DEF,
New England (NE),3,1,2016,DEF,
New Orleans (NO),-4,1,2016,DEF,
New York (NYG),1,1,2016,DEF,
New York (NYJ),9,1,2016,DEF,
Oakland (Oak),2,1,2016,DEF,
Philadelphia (Phi),11,1,2016,DEF,
Pittsburgh (Pit),5,1,2016,DEF,
San Francisco (SF),16,1,2016,DEF,
Seattle (Sea),11,1,2016,DEF,
Tampa Bay (TB),3,1,2016,DEF,
Tennessee (Ten),4,1,2016,DEF,
Washington (Was),-1,1,2016,DEF,
Arizona (Ari),23,2,2016,DEF,
Atlanta (Atl),0,2,2016,DEF,
Baltimore (Bal),12,2,2016,DEF,
Buffalo (Buf),5,2,2016,DEF,
Carolina (Car),14,2,2016,DEF,
Chicago (Chi),7,2,2016,DEF,
Cincinnati (Cin),5,2,2016,DEF,
Cleveland (Cle),4,2,2016,DEF,
Dallas (Dal),4,2,2016,DEF,
Denver (Den),22,2,2016,DEF,
Detroit (Det),8,2,2016,DEF,
Green Bay (GB),7,2,2016,DEF,
Houston (Hou),16,2,2016,DEF,
Indianapolis (Ind),3,2,2016,DEF,
Jacksonville (Jax),1,2,2016,DEF,
Kansas City (KC),7,2,2016,DEF,
Los Angeles (LAC),9,2,2016,DEF,
Los Angeles (LAR),13,2,2016,DEF,
Miami (Mia),3,2,2016,DEF,
Minnesota (Min),12,2,2016,DEF,
New England (NE),8,2,2016,DEF,
New Orleans (NO),9,2,2016,DEF,
New York (NYG),14,2,2016,DEF,
New York (NYJ),2,2,2016,DEF,
Oakland (Oak),-1,2,2016,DEF,
Philadelphia (Phi),10,2,2016,DEF,
Pittsburgh (Pit),6,2,2016,DEF,
San Francisco (SF),7,2,2016,DEF,
Seattle (Sea),7,2,2016,DEF,
Tampa Bay (TB),0,2,2016,DEF,
Tennessee (Ten),10,2,2016,DEF,
Washington (Was),6,2,2016,DEF,
Arizona (Ari),8,3,2016,DEF,
Atlanta (Atl),11,3,2016,DEF,
Baltimore (Bal),13,3,2016,DEF,
Buffalo (Buf),22,3,2016,DEF,
Carolina (Car),3,3,2016,DEF,
Chicago (Chi),1,3,2016,DEF,
Cincinnati (Cin),5,3,2016,DEF,
Cleveland (Cle),12,3,2016,DEF,
Dallas (Dal),6,3,2016,DEF,
Denver (Den),9,3,2016,DEF,
Detroit (Det),1,3,2016,DEF,
Green Bay (GB),5,3,2016,DEF,
Houston (Hou),1,3,2016,DEF,
Indianapolis (Ind),11,3,2016,DEF,
Jacksonville (Jax),9,3,2016,DEF,
Kansas City (KC),35,3,2016,DEF,
Los Angeles (LAC),12,3,2016,DEF,
Los Angeles (LAR),12,3,2016,DEF,
Miami (Mia),7,3,2016,DEF,
Minnesota (Min),26,3,2016,DEF,
New England (NE),18,3,2016,DEF,
New Orleans (NO),-2,3,2016,DEF,
New York (NYG),3,3,2016,DEF,
New York (NYJ),6,3,2016,DEF,
Oakland (Oak),11,3,2016,DEF,
Philadelphia (Phi),17,3,2016,DEF,
Pittsburgh (Pit),-1,3,2016,DEF,
San Francisco (SF),2,3,2016,DEF,
Seattle (Sea),3,3,2016,DEF,
Tampa Bay (TB),10,3,2016,DEF,
Tennessee (Ten),4,3,2016,DEF,
Washington (Was),8,3,2016,DEF,
Arizona (Ari),5,4,2016,DEF,
Atlanta (Atl),11,4,2016,DEF,
Baltimore (Bal),1,4,2016,DEF,
Buffalo (Buf),15,4,2016,DEF,
Carolina (Car),7,4,2016,DEF,
Chicago (Chi),7,4,2016,DEF,
Cincinnati (Cin),13,4,2016,DEF,
Cleveland (Cle),4,4,2016,DEF,
Dallas (Dal),4,4,2016,DEF,
Denver (Den),15,4,2016,DEF,
Detroit (Det),9,4,2016,DEF,
Green Bay (GB),,4,2016,DEF,
Houston (Hou),10,4,2016,DEF,
Indianapolis (Ind),2,4,2016,DEF,
Jacksonville (Jax),8,4,2016,DEF,
Kansas City (KC),-2,4,2016,DEF,
Los Angeles (LAC),2,4,2016,DEF,
Los Angeles (LAR),17,4,2016,DEF,
Miami (Mia),1,4,2016,DEF,
Minnesota (Min),8,4,2016,DEF,
New England (NE),3,4,2016,DEF,
New Orleans (NO),8,4,2016,DEF,
New York (NYG),0,4,2016,DEF,
New York (NYJ),2,4,2016,DEF,
Oakland (Oak),4,4,2016,DEF,
Philadelphia (Phi),,4,2016,DEF,
Pittsburgh (Pit),9,4,2016,DEF,
San Francisco (SF),2,4,2016,DEF,
Seattle (Sea),11,4,2016,DEF,
Tampa Bay (TB),4,4,2016,DEF,
Tennessee (Ten),5,4,2016,DEF,
Washington (Was),8,4,2016,DEF,
Arizona (Ari),15,5,2016,DEF,
Atlanta (Atl),9,5,2016,DEF,
Baltimore (Bal),6,5,2016,DEF,
Buffalo (Buf),17,5,2016,DEF,
Carolina (Car),3,5,2016,DEF,
Chicago (Chi),4,5,2016,DEF,
Cincinnati (Cin),2,5,2016,DEF,
Cleveland (Cle),0,5,2016,DEF,
Dallas (Dal),5,5,2016,DEF,
Denver (Den),4,5,2016,DEF,
Detroit (Det),7,5,2016,DEF,
Green Bay (GB),7,5,2016,DEF,
Houston (Hou),1,5,2016,DEF,
Indianapolis (Ind),2,5,2016,DEF,
Jacksonville (Jax),,5,2016,DEF,
Kansas City (KC),,5,2016,DEF,
Los Angeles (LAC),4,5,2016,DEF,
Los Angeles (LAR),4,5,2016,DEF,
Miami (Mia),7,5,2016,DEF,
Minnesota (Min),16,5,2016,DEF,
New England (NE),10,5,2016,DEF,
New Orleans (NO),,5,2016,DEF,
New York (NYG),4,5,2016,DEF,
New York (NYJ),2,5,2016,DEF,
Oakland (Oak),9,5,2016,DEF,
Philadelphia (Phi),6,5,2016,DEF,
Pittsburgh (Pit),7,5,2016,DEF,
San Francisco (SF),0,5,2016,DEF,
Seattle (Sea),,5,2016,DEF,
Tampa Bay (TB),9,5,2016,DEF,
Tennessee (Ten),11,5,2016,DEF,
Washington (Was),13,5,2016,DEF,
Arizona (Ari),12,6,2016,DEF,
Atlanta (Atl),1,6,2016,DEF,
Baltimore (Bal),7,6,2016,DEF,
Buffalo (Buf),6,6,2016,DEF,
Carolina (Car),-1,6,2016,DEF,
Chicago (Chi),7,6,2016,DEF,
Cincinnati (Cin),2,6,2016,DEF,
Cleveland (Cle),3,6,2016,DEF,
Dallas (Dal),10,6,2016,DEF,
Denver (Den),7,6,2016,DEF,
Detroit (Det),2,6,2016,DEF,
Green Bay (GB),5,6,2016,DEF,
Houston (Hou),5,6,2016,DEF,
Indianapolis (Ind),3,6,2016,DEF,
Jacksonville (Jax),2,6,2016,DEF,
Kansas City (KC),10,6,2016,DEF,
Los Angeles (LAC),12,6,2016,DEF,
Los Angeles (LAR),0,6,2016,DEF,
Miami (Mia),7,6,2016,DEF,
Minnesota (Min),,6,2016,DEF,
New England (NE),5,6,2016,DEF,
New Orleans (NO),2,6,2016,DEF,
New York (NYG),2,6,2016,DEF,
New York (NYJ),-1,6,2016,DEF,
Oakland (Oak),1,6,2016,DEF,
Philadelphia (Phi),14,6,2016,DEF,
Pittsburgh (Pit),1,6,2016,DEF,
San Francisco (SF),3,6,2016,DEF,
Seattle (Sea),8,6,2016,DEF,
Tampa Bay (TB),,6,2016,DEF,
Tennessee (Ten),6,6,2016,DEF,
Washington (Was),6,6,2016,DEF,
Arizona (Ari),8,7,2016,DEF,
Atlanta (Atl),13,7,2016,DEF,
Baltimore (Bal),17,7,2016,DEF,
Buffalo (Buf),0,7,2016,DEF,
Carolina (Car),,7,2016,DEF,
Chicago (Chi),12,7,2016,DEF,
Cincinnati (Cin),7,7,2016,DEF,
Cleveland (Cle),4,7,2016,DEF,
Dallas (Dal),,7,2016,DEF,
Denver (Den),9,7,2016,DEF,
Detroit (Det),7,7,2016,DEF,
Green Bay (GB),12,7,2016,DEF,
Houston (Hou),0,7,2016,DEF,
Indianapolis (Ind),11,7,2016,DEF,
Jacksonville (Jax),-1,7,2016,DEF,
Kansas City (KC),11,7,2016,DEF,
Los Angeles (LAC),5,7,2016,DEF,
Los Angeles (LAR),6,7,2016,DEF,
Miami (Mia),4,7,2016,DEF,
Minnesota (Min),8,7,2016,DEF,
New England (NE),3,7,2016,DEF,
New Orleans (NO),0,7,2016,DEF,
New York (NYG),21,7,2016,DEF,
New York (NYJ),12,7,2016,DEF,
Oakland (Oak),8,7,2016,DEF,
Philadelphia (Phi),24,7,2016,DEF,
Pittsburgh (Pit),4,7,2016,DEF,
San Francisco (SF),3,7,2016,DEF,
Seattle (Sea),15,7,2016,DEF,
Tampa Bay (TB),11,7,2016,DEF,
Tennessee (Ten),1,7,2016,DEF,
Washington (Was),4,7,2016,DEF,
Arizona (Ari),3,8,2016,DEF,
Atlanta (Atl),2,8,2016,DEF,
Baltimore (Bal),,8,2016,DEF,
Buffalo (Buf),1,8,2016,DEF,
Carolina (Car),19,8,2016,DEF,
Chicago (Chi),9,8,2016,DEF,
Cincinnati (Cin),3,8,2016,DEF,
Cleveland (Cle),1,8,2016,DEF,
Dallas (Dal),5,8,2016,DEF,
Denver (Den),22,8,2016,DEF,
Detroit (Det),6,8,2016,DEF,
Green Bay (GB),1,8,2016,DEF,
Houston (Hou),5,8,2016,DEF,
Indianapolis (Ind),2,8,2016,DEF,
Jacksonville (Jax),-4,8,2016,DEF,
Kansas City (KC),11,8,2016,DEF,
Los Angeles (LAC),13,8,2016,DEF,
Los Angeles (LAR),,8,2016,DEF,
Miami (Mia),,8,2016,DEF,
Minnesota (Min),2,8,2016,DEF,
New England (NE),2,8,2016,DEF,
New Orleans (NO),4,8,2016,DEF,
New York (NYG),,8,2016,DEF,
New York (NYJ),4,8,2016,DEF,
Oakland (Oak),2,8,2016,DEF,
Philadelphia (Phi),3,8,2016,DEF,
Pittsburgh (Pit),,8,2016,DEF,
San Francisco (SF),,8,2016,DEF,
Seattle (Sea),10,8,2016,DEF,
Tampa Bay (TB),3,8,2016,DEF,
Tennessee (Ten),4,8,2016,DEF,
Washington (Was),7,8,2016,DEF,
Arizona (Ari),,9,2016,DEF,
Atlanta (Atl),6,9,2016,DEF,
Baltimore (Bal),13,9,2016,DEF,
Buffalo (Buf),5,9,2016,DEF,
Carolina (Car),10,9,2016,DEF,
Chicago (Chi),,9,2016,DEF,
Cincinnati (Cin),,9,2016,DEF,
Cleveland (Cle),-4,9,2016,DEF,
Dallas (Dal),8,9,2016,DEF,
Denver (Den),1,9,2016,DEF,
Detroit (Det),5,9,2016,DEF,
Green Bay (GB),5,9,2016,DEF,
Houston (Hou),,9,2016,DEF,
Indianapolis (Ind),11,9,2016,DEF,
Jacksonville (Jax),3,9,2016,DEF,
Kansas City (KC),11,9,2016,DEF,
Los Angeles (LAC),14,9,2016,DEF,
Los Angeles (LAR),9,9,2016,DEF,
Miami (Mia),13,9,2016,DEF,
Minnesota (Min),3,9,2016,DEF,
New England (NE),,9,2016,DEF,
New Orleans (NO),9,9,2016,DEF,
New York (NYG),8,9,2016,DEF,
New York (NYJ),1,9,2016,DEF,
Oakland (Oak),7,9,2016,DEF,
Philadelphia (Phi),4,9,2016,DEF,
Pittsburgh (Pit),5,9,2016,DEF,
San Francisco (SF),-3,9,2016,DEF,
Seattle (Sea),7,9,2016,DEF,
Tampa Bay (TB),0,9,2016,DEF,
Tennessee (Ten),0,9,2016,DEF,
Washington (Was),,9,2016,DEF,
Arizona (Ari),6,10,2016,DEF,
Atlanta (Atl),4,10,2016,DEF,
Baltimore (Bal),14,10,2016,DEF,
Buffalo (Buf),,10,2016,DEF,
Carolina (Car),6,10,2016,DEF,
Chicago (Chi),5,10,2016,DEF,
Cincinnati (Cin),5,10,2016,DEF,
Cleveland (Cle),5,10,2016,DEF,
Dallas (Dal),0,10,2016,DEF,
Denver (Den),11,10,2016,DEF,
Detroit (Det),,10,2016,DEF,
Green Bay (GB),-3,10,2016,DEF,
Houston (Hou),12,10,2016,DEF,
Indianapolis (Ind),,10,2016,DEF,
Jacksonville (Jax),2,10,2016,DEF,
Kansas City (KC),13,10,2016,DEF,
Los Angeles (LAC),3,10,2016,DEF,
Los Angeles (LAR),10,10,2016,DEF,
Miami (Mia),17,10,2016,DEF,
Minnesota (Min),3,10,2016,DEF,
New England (NE),2,10,2016,DEF,
New Orleans (NO),10,10,2016,DEF,
New York (NYG),6,10,2016,DEF,
New York (NYJ),7,10,2016,DEF,
Oakland (Oak),,10,2016,DEF,
Philadelphia (Phi),5,10,2016,DEF,
Pittsburgh (Pit),0,10,2016,DEF,
San Francisco (SF),10,10,2016,DEF,
Seattle (Sea),6,10,2016,DEF,
Tampa Bay (TB),24,10,2016,DEF,
Tennessee (Ten),11,10,2016,DEF,
Washington (Was),6,10,2016,DEF,
Arizona (Ari),4,11,2016,DEF,
Atlanta (Atl),,11,2016,DEF,
Baltimore (Bal),1,11,2016,DEF,
Buffalo (Buf),9,11,2016,DEF,
Carolina (Car),10,11,2016,DEF,
Chicago (Chi),0,11,2016,DEF,
Cincinnati (Cin),5,11,2016,DEF,
Cleveland (Cle),1,11,2016,DEF,
Dallas (Dal),2,11,2016,DEF,
Denver (Den),,11,2016,DEF,
Detroit (Det),19,11,2016,DEF,
Green Bay (GB),-2,11,2016,DEF,
Houston (Hou),2,11,2016,DEF,
Indianapolis (Ind),6,11,2016,DEF,
Jacksonville (Jax),8,11,2016,DEF,
Kansas City (KC),4,11,2016,DEF,
Los Angeles (LAC),,11,2016,DEF,
Los Angeles (LAR),7,11,2016,DEF,
Miami (Mia),7,11,2016,DEF,
Minnesota (Min),20,11,2016,DEF,
New England (NE),6,11,2016,DEF,
New Orleans (NO),2,11,2016,DEF,
New York (NYG),7,11,2016,DEF,
New York (NYJ),,11,2016,DEF,
Oakland (Oak),7,11,2016,DEF,
Philadelphia (Phi),1,11,2016,DEF,
Pittsburgh (Pit),22,11,2016,DEF,
San Francisco (SF),0,11,2016,DEF,
Seattle (Sea),7,11,2016,DEF,
Tampa Bay (TB),5,11,2016,DEF,
Tennessee (Ten),4,11,2016,DEF,
Washington (Was),6,11,2016,DEF,
Arizona (Ari),1,12,2016,DEF,
Atlanta (Atl),5,12,2016,DEF,
Baltimore (Bal),11,12,2016,DEF,
Buffalo (Buf),2,12,2016,DEF,
Carolina (Car),5,12,2016,DEF,
Chicago (Chi),0,12,2016,DEF,
Cincinnati (Cin),7,12,2016,DEF,
Cleveland (Cle),3,12,2016,DEF,
Dallas (Dal),0,12,2016,DEF,
Denver (Den),5,12,2016,DEF,
Detroit (Det),6,12,2016,DEF,
Green Bay (GB),10,12,2016,DEF,
Houston (Hou),3,12,2016,DEF,
Indianapolis (Ind),-1,12,2016,DEF,
Jacksonville (Jax),4,12,2016,DEF,
Kansas City (KC),15,12,2016,DEF,
Los Angeles (LAC),13,12,2016,DEF,
Los Angeles (LAR),0,12,2016,DEF,
Miami (Mia),6,12,2016,DEF,
Minnesota (Min),3,12,2016,DEF,
New England (NE),8,12,2016,DEF,
New Orleans (NO),7,12,2016,DEF,
New York (NYG),23,12,2016,DEF,
New York (NYJ),0,12,2016,DEF,
Oakland (Oak),11,12,2016,DEF,
Philadelphia (Phi),0,12,2016,DEF,
Pittsburgh (Pit),11,12,2016,DEF,
San Francisco (SF),1,12,2016,DEF,
Seattle (Sea),7,12,2016,DEF,
Tampa Bay (TB),19,12,2016,DEF,
Tennessee (Ten),4,12,2016,DEF,
Washington (Was),0,12,2016,DEF,
Arizona (Ari),6,13,2016,DEF,
Atlanta (Atl),3,13,2016,DEF,
Baltimore (Bal),15,13,2016,DEF,
Buffalo (Buf),-4,13,2016,DEF,
Carolina (Car),1,13,2016,DEF,
Chicago (Chi),15,13,2016,DEF,
Cincinnati (Cin),8,13,2016,DEF,
Cleveland (Cle),,13,2016,DEF,
Dallas (Dal),6,13,2016,DEF,
Denver (Den),17,13,2016,DEF,
Detroit (Det),11,13,2016,DEF,
Green Bay (GB),8,13,2016,DEF,
Houston (Hou),3,13,2016,DEF,
Indianapolis (Ind),11,13,2016,DEF,
Jacksonville (Jax),3,13,2016,DEF,
Kansas City (KC),11,13,2016,DEF,
Los Angeles (LAC),3,13,2016,DEF,
Los Angeles (LAR),0,13,2016,DEF,
Miami (Mia),0,13,2016,DEF,
Minnesota (Min),8,13,2016,DEF,
New England (NE),12,13,2016,DEF,
New Orleans (NO),1,13,2016,DEF,
New York (NYG),6,13,2016,DEF,
New York (NYJ),-3,13,2016,DEF,
Oakland (Oak),8,13,2016,DEF,
Philadelphia (Phi),3,13,2016,DEF,
Pittsburgh (Pit),9,13,2016,DEF,
San Francisco (SF),3,13,2016,DEF,
Seattle (Sea),8,13,2016,DEF,
Tampa Bay (TB),12,13,2016,DEF,
Tennessee (Ten),,13,2016,DEF,
Washington (Was),1,13,2016,DEF,
Arizona (Ari),7,14,2016,DEF,
Atlanta (Atl),26,14,2016,DEF,
Baltimore (Bal),6,14,2016,DEF,
Buffalo (Buf),6,14,2016,DEF,
Carolina (Car),18,14,2016,DEF,
Chicago (Chi),14,14,2016,DEF,
Cincinnati (Cin),9,14,2016,DEF,
Cleveland (Cle),4,14,2016,DEF,
Dallas (Dal),13,14,2016,DEF,
Denver (Den),6,14,2016,DEF,
Detroit (Det),5,14,2016,DEF,
Green Bay (GB),19,14,2016,DEF,
Houston (Hou),8,14,2016,DEF,
Indianapolis (Ind),4,14,2016,DEF,
Jacksonville (Jax),2,14,2016,DEF,
Kansas City (KC),11,14,2016,DEF,
Los Angeles (LAC),4,14,2016,DEF,
Los Angeles (LAR),1,14,2016,DEF,
Miami (Mia),13,14,2016,DEF,
Minnesota (Min),7,14,2016,DEF,
New England (NE),8,14,2016,DEF,
New Orleans (NO),5,14,2016,DEF,
New York (NYG),13,14,2016,DEF,
New York (NYJ),3,14,2016,DEF,
Oakland (Oak),7,14,2016,DEF,
Philadelphia (Phi),10,14,2016,DEF,
Pittsburgh (Pit),8,14,2016,DEF,
San Francisco (SF),8,14,2016,DEF,
Seattle (Sea),-3,14,2016,DEF,
Tampa Bay (TB),11,14,2016,DEF,
Tennessee (Ten),11,14,2016,DEF,
Washington (Was),9,14,2016,DEF,
Arizona (Ari),7,15,2016,DEF,
Atlanta (Atl),8,15,2016,DEF,
Baltimore (Bal),3,15,2016,DEF,
Buffalo (Buf),9,15,2016,DEF,
Carolina (Car),8,15,2016,DEF,
Chicago (Chi),3,15,2016,DEF,
Cincinnati (Cin),1,15,2016,DEF,
Cleveland (Cle),0,15,2016,DEF,
Dallas (Dal),13,15,2016,DEF,
Denver (Den),3,15,2016,DEF,
Detroit (Det),3,15,2016,DEF,
Green Bay (GB),9,15,2016,DEF,
Houston (Hou),7,15,2016,DEF,
Indianapolis (Ind),18,15,2016,DEF,
Jacksonville (Jax),11,15,2016,DEF,
Kansas City (KC),8,15,2016,DEF,
Los Angeles (LAC),7,15,2016,DEF,
Los Angeles (LAR),4,15,2016,DEF,
Miami (Mia),23,15,2016,DEF,
Minnesota (Min),-1,15,2016,DEF,
New England (NE),17,15,2016,DEF,
New Orleans (NO),1,15,2016,DEF,
New York (NYG),12,15,2016,DEF,
New York (NYJ),2,15,2016,DEF,
Oakland (Oak),8,15,2016,DEF,
Philadelphia (Phi),7,15,2016,DEF,
Pittsburgh (Pit),4,15,2016,DEF,
San Francisco (SF),-1,15,2016,DEF,
Seattle (Sea),11,15,2016,DEF,
Tampa Bay (TB),5,15,2016,DEF,
Tennessee (Ten),4,15,2016,DEF,
Washington (Was),2,15,2016,DEF,
Arizona (Ari),9,16,2016,DEF,
Atlanta (Atl),7,16,2016,DEF,
Baltimore (Bal),3,16,2016,DEF,
Buffalo (Buf),1,16,2016,DEF,
Carolina (Car),5,16,2016,DEF,
Chicago (Chi),-4,16,2016,DEF,
Cincinnati (Cin),8,16,2016,DEF,
Cleveland (Cle),5,16,2016,DEF,
Dallas (Dal),8,16,2016,DEF,
Denver (Den),1,16,2016,DEF,
Detroit (Det),-3,16,2016,DEF,
Green Bay (GB),8,16,2016,DEF,
Houston (Hou),9,16,2016,DEF,
Indianapolis (Ind),0,16,2016,DEF,
Jacksonville (Jax),12,16,2016,DEF,
Kansas City (KC),10,16,2016,DEF,
Los Angeles (LAC),10,16,2016,DEF,
Los Angeles (LAR),8,16,2016,DEF,
Miami (Mia),1,16,2016,DEF,
Minnesota (Min),0,16,2016,DEF,
New England (NE),17,16,2016,DEF,
New Orleans (NO),6,16,2016,DEF,
New York (NYG),3,16,2016,DEF,
New York (NYJ),-3,16,2016,DEF,
Oakland (Oak),6,16,2016,DEF,
Philadelphia (Phi),13,16,2016,DEF,
Pittsburgh (Pit),4,16,2016,DEF,
San Francisco (SF),8,16,2016,DEF,
Seattle (Sea),2,16,2016,DEF,
Tampa Bay (TB),1,16,2016,DEF,
Tennessee (Ten),3,16,2016,DEF,
Washington (Was),13,16,2016,DEF,
Arizona (Ari),26,17,2016,DEF,
Atlanta (Atl),3,17,2016,DEF,
Baltimore (Bal),1,17,2016,DEF,
Buffalo (Buf),1,17,2016,DEF,
Carolina (Car),13,17,2016,DEF,
Chicago (Chi),1,17,2016,DEF,
Cincinnati (Cin),11,17,2016,DEF,
Cleveland (Cle),6,17,2016,DEF,
Dallas (Dal),2,17,2016,DEF,
Denver (Den),15,17,2016,DEF,
Detroit (Det),0,17,2016,DEF,
Green Bay (GB),4,17,2016,DEF,
Houston (Hou),7,17,2016,DEF,
Indianapolis (Ind),7,17,2016,DEF,
Jacksonville (Jax),8,17,2016,DEF,
Kansas City (KC),10,17,2016,DEF,
Los Angeles (LAC),5,17,2016,DEF,
Los Angeles (LAR),3,17,2016,DEF,
Miami (Mia),-4,17,2016,DEF,
Minnesota (Min),22,17,2016,DEF,
New England (NE),5,17,2016,DEF,
New Orleans (NO),-3,17,2016,DEF,
New York (NYG),20,17,2016,DEF,
New York (NYJ),19,17,2016,DEF,
Oakland (Oak),2,17,2016,DEF,
Philadelphia (Phi),13,17,2016,DEF,
Pittsburgh (Pit),12,17,2016,DEF,
San Francisco (SF),4,17,2016,DEF,
Seattle (Sea),9,17,2016,DEF,
Tampa Bay (TB),16,17,2016,DEF,
Tennessee (Ten),13,17,2016,DEF,
Washington (Was),5,17,2016,DEF,
Arizona (Ari),5,1,2015,DEF,
Atlanta (Atl),4,1,2015,DEF,
Baltimore (Bal),16,1,2015,DEF,
Buffalo (Buf),9,1,2015,DEF,
Carolina (Car),21,1,2015,DEF,
Chicago (Chi),-1,1,2015,DEF,
Cincinnati (Cin),10,1,2015,DEF,
Cleveland (Cle),1,1,2015,DEF,
Dallas (Dal),4,1,2015,DEF,
Denver (Den),16,1,2015,DEF,
Detroit (Det),13,1,2015,DEF,
Green Bay (GB),4,1,2015,DEF,
Houston (Hou),2,1,2015,DEF,
Indianapolis (Ind),0,1,2015,DEF,
Jacksonville (Jax),5,1,2015,DEF,
Kansas City (KC),10,1,2015,DEF,
Los Angeles (LAC),5,1,2015,DEF,
Los Angeles (LAR),14,1,2015,DEF,
Miami (Mia),15,1,2015,DEF,
Minnesota (Min),6,1,2015,DEF,
New England (NE),5,1,2015,DEF,
New Orleans (NO),1,1,2015,DEF,
New York (NYG),12,1,2015,DEF,
New York (NYJ),17,1,2015,DEF,
Oakland (Oak),-1,1,2015,DEF,
Philadelphia (Phi),5,1,2015,DEF,
Pittsburgh (Pit),1,1,2015,DEF,
San Francisco (SF),14,1,2015,DEF,
Seattle (Sea),19,1,2015,DEF,
Tampa Bay (TB),0,1,2015,DEF,
Tennessee (Ten),15,1,2015,DEF,
Washington (Was),6,1,2015,DEF,
Arizona (Ari),18,2,2015,DEF,
Atlanta (Atl),5,2,2015,DEF,
Baltimore (Bal),-1,2,2015,DEF,
Buffalo (Buf),2,2,2015,DEF,
Carolina (Car),4,2,2015,DEF,
Chicago (Chi),0,2,2015,DEF,
Cincinnati (Cin),14,2,2015,DEF,
Cleveland (Cle),24,2,2015,DEF,
Dallas (Dal),17,2,2015,DEF,
Denver (Den),22,2,2015,DEF,
Detroit (Det),3,2,2015,DEF,
Green Bay (GB),7,2,2015,DEF,
Houston (Hou),8,2,2015,DEF,
Indianapolis (Ind),4,2,2015,DEF,
Jacksonville (Jax),3,2,2015,DEF,
Kansas City (KC),11,2,2015,DEF,
Los Angeles (LAC),12,2,2015,DEF,
Los Angeles (LAR),4,2,2015,DEF,
Miami (Mia),4,2,2015,DEF,
Minnesota (Min),8,2,2015,DEF,
New England (NE),13,2,2015,DEF,
New Orleans (NO),7,2,2015,DEF,
New York (NYG),2,2,2015,DEF,
New York (NYJ),14,2,2015,DEF,
Oakland (Oak),3,2,2015,DEF,
Philadelphia (Phi),8,2,2015,DEF,
Pittsburgh (Pit),8,2,2015,DEF,
San Francisco (SF),-4,2,2015,DEF,
Seattle (Sea),4,2,2015,DEF,
Tampa Bay (TB),13,2,2015,DEF,
Tennessee (Ten),1,2,2015,DEF,
Washington (Was),9,2,2015,DEF,
Arizona (Ari),28,3,2015,DEF,
Atlanta (Atl),3,3,2015,DEF,
Baltimore (Bal),11,3,2015,DEF,
Buffalo (Buf),15,3,2015,DEF,
Carolina (Car),5,3,2015,DEF,
Chicago (Chi),4,3,2015,DEF,
Cincinnati (Cin),3,3,2015,DEF,
Cleveland (Cle),10,3,2015,DEF,
Dallas (Dal),-3,3,2015,DEF,
Denver (Den),18,3,2015,DEF,
Detroit (Det),5,3,2015,DEF,
Green Bay (GB),8,3,2015,DEF,
Houston (Hou),6,3,2015,DEF,
Indianapolis (Ind),12,3,2015,DEF,
Jacksonville (Jax),0,3,2015,DEF,
Kansas City (KC),-1,3,2015,DEF,
Los Angeles (LAC),2,3,2015,DEF,
Los Angeles (LAR),11,3,2015,DEF,
Miami (Mia),-4,3,2015,DEF,
Minnesota (Min),15,3,2015,DEF,
New England (NE),5,3,2015,DEF,
New Orleans (NO),7,3,2015,DEF,
New York (NYG),11,3,2015,DEF,
New York (NYJ),3,3,2015,DEF,
Oakland (Oak),12,3,2015,DEF,
Philadelphia (Phi),16,3,2015,DEF,
Pittsburgh (Pit),11,3,2015,DEF,
San Francisco (SF),2,3,2015,DEF,
Seattle (Sea),18,3,2015,DEF,
Tampa Bay (TB),4,3,2015,DEF,
Tennessee (Ten),6,3,2015,DEF,
Washington (Was),5,3,2015,DEF,
Arizona (Ari),5,4,2015,DEF,
Atlanta (Atl),21,4,2015,DEF,
Baltimore (Bal),5,4,2015,DEF,
Buffalo (Buf),3,4,2015,DEF,
Carolina (Car),18,4,2015,DEF,
Chicago (Chi),7,4,2015,DEF,
Cincinnati (Cin),7,4,2015,DEF,
Cleveland (Cle),1,4,2015,DEF,
Dallas (Dal),3,4,2015,DEF,
Denver (Den),10,4,2015,DEF,
Detroit (Det),22,4,2015,DEF,
Green Bay (GB),15,4,2015,DEF,
Houston (Hou),-2,4,2015,DEF,
Indianapolis (Ind),5,4,2015,DEF,
Jacksonville (Jax),12,4,2015,DEF,
Kansas City (KC),-4,4,2015,DEF,
Los Angeles (LAC),6,4,2015,DEF,
Los Angeles (LAR),10,4,2015,DEF,
Miami (Mia),4,4,2015,DEF,
Minnesota (Min),6,4,2015,DEF,
New England (NE),,4,2015,DEF,
New Orleans (NO),4,4,2015,DEF,
New York (NYG),10,4,2015,DEF,
New York (NYJ),8,4,2015,DEF,
Oakland (Oak),11,4,2015,DEF,
Philadelphia (Phi),3,4,2015,DEF,
Pittsburgh (Pit),9,4,2015,DEF,
San Francisco (SF),4,4,2015,DEF,
Seattle (Sea),7,4,2015,DEF,
Tampa Bay (TB),3,4,2015,DEF,
Tennessee (Ten),,4,2015,DEF,
Washington (Was),10,4,2015,DEF,
Arizona (Ari),14,5,2015,DEF,
Atlanta (Atl),12,5,2015,DEF,
Baltimore (Bal),3,5,2015,DEF,
Buffalo (Buf),8,5,2015,DEF,
Carolina (Car),,5,2015,DEF,
Chicago (Chi),9,5,2015,DEF,
Cincinnati (Cin),7,5,2015,DEF,
Cleveland (Cle),0,5,2015,DEF,
Dallas (Dal),4,5,2015,DEF,
Denver (Den),24,5,2015,DEF,
Detroit (Det),-2,5,2015,DEF,
Green Bay (GB),23,5,2015,DEF,
Houston (Hou),0,5,2015,DEF,
Indianapolis (Ind),6,5,2015,DEF,
Jacksonville (Jax),3,5,2015,DEF,
Kansas City (KC),11,5,2015,DEF,
Los Angeles (LAC),6,5,2015,DEF,
Los Angeles (LAR),9,5,2015,DEF,
Miami (Mia),,5,2015,DEF,
Minnesota (Min),,5,2015,DEF,
New England (NE),14,5,2015,DEF,
New Orleans (NO),0,5,2015,DEF,
New York (NYG),2,5,2015,DEF,
New York (NYJ),,5,2015,DEF,
Oakland (Oak),12,5,2015,DEF,
Philadelphia (Phi),14,5,2015,DEF,
Pittsburgh (Pit),13,5,2015,DEF,
San Francisco (SF),1,5,2015,DEF,
Seattle (Sea),14,5,2015,DEF,
Tampa Bay (TB),15,5,2015,DEF,
Tennessee (Ten),7,5,2015,DEF,
Washington (Was),10,5,2015,DEF,
Arizona (Ari),5,6,2015,DEF,
Atlanta (Atl),0,6,2015,DEF,
Baltimore (Bal),3,6,2015,DEF,
Buffalo (Buf),-1,6,2015,DEF,
Carolina (Car),4,6,2015,DEF,
Chicago (Chi),6,6,2015,DEF,
Cincinnati (Cin),4,6,2015,DEF,
Cleveland (Cle),13,6,2015,DEF,
Dallas (Dal),,6,2015,DEF,
Denver (Den),17,6,2015,DEF,
Detroit (Det),2,6,2015,DEF,
Green Bay (GB),6,6,2015,DEF,
Houston (Hou),16,6,2015,DEF,
Indianapolis (Ind),9,6,2015,DEF,
Jacksonville (Jax),1,6,2015,DEF,
Kansas City (KC),7,6,2015,DEF,
Los Angeles (LAC),3,6,2015,DEF,
Los Angeles (LAR),,6,2015,DEF,
Miami (Mia),24,6,2015,DEF,
Minnesota (Min),8,6,2015,DEF,
New England (NE),5,6,2015,DEF,
New Orleans (NO),19,6,2015,DEF,
New York (NYG),9,6,2015,DEF,
New York (NYJ),6,6,2015,DEF,
Oakland (Oak),,6,2015,DEF,
Philadelphia (Phi),19,6,2015,DEF,
Pittsburgh (Pit),11,6,2015,DEF,
San Francisco (SF),5,6,2015,DEF,
Seattle (Sea),7,6,2015,DEF,
Tampa Bay (TB),,6,2015,DEF,
Tennessee (Ten),5,6,2015,DEF,
Washington (Was),11,6,2015,DEF,
Arizona (Ari),8,7,2015,DEF,
Atlanta (Atl),9,7,2015,DEF,
Baltimore (Bal),2,7,2015,DEF,
Buffalo (Buf),10,7,2015,DEF,
Carolina (Car),8,7,2015,DEF,
Chicago (Chi),,7,2015,DEF,
Cincinnati (Cin),,7,2015,DEF,
Cleveland (Cle),5,7,2015,DEF,
Dallas (Dal),2,7,2015,DEF,
Denver (Den),,7,2015,DEF,
Detroit (Det),7,7,2015,DEF,
Green Bay (GB),,7,2015,DEF,
Houston (Hou),4,7,2015,DEF,
Indianapolis (Ind),8,7,2015,DEF,
Jacksonville (Jax),24,7,2015,DEF,
Kansas City (KC),12,7,2015,DEF,
Los Angeles (LAC),-3,7,2015,DEF,
Los Angeles (LAR),25,7,2015,DEF,
Miami (Mia),12,7,2015,DEF,
Minnesota (Min),8,7,2015,DEF,
New England (NE),4,7,2015,DEF,
New Orleans (NO),12,7,2015,DEF,
New York (NYG),22,7,2015,DEF,
New York (NYJ),2,7,2015,DEF,
Oakland (Oak),4,7,2015,DEF,
Philadelphia (Phi),7,7,2015,DEF,
Pittsburgh (Pit),2,7,2015,DEF,
San Francisco (SF),12,7,2015,DEF,
Seattle (Sea),13,7,2015,DEF,
Tampa Bay (TB),8,7,2015,DEF,
Tennessee (Ten),8,7,2015,DEF,
Washington (Was),3,7,2015,DEF,
Arizona (Ari),8,8,2015,DEF,
Atlanta (Atl),2,8,2015,DEF,
Baltimore (Bal),1,8,2015,DEF,
Buffalo (Buf),,8,2015,DEF,
Carolina (Car),10,8,2015,DEF,
Chicago (Chi),3,8,2015,DEF,
Cincinnati (Cin),13,8,2015,DEF,
Cleveland (Cle),10,8,2015,DEF,
Dallas (Dal),8,8,2015,DEF,
Denver (Den),9,8,2015,DEF,
Detroit (Det),-1,8,2015,DEF,
Green Bay (GB),2,8,2015,DEF,
Houston (Hou),20,8,2015,DEF,
Indianapolis (Ind),7,8,2015,DEF,
Jacksonville (Jax),,8,2015,DEF,
Kansas City (KC),14,8,2015,DEF,
Los Angeles (LAC),2,8,2015,DEF,
Los Angeles (LAR),12,8,2015,DEF,
Miami (Mia),1,8,2015,DEF,
Minnesota (Min),8,8,2015,DEF,
New England (NE),15,8,2015,DEF,
New Orleans (NO),1,8,2015,DEF,
New York (NYG),6,8,2015,DEF,
New York (NYJ),-1,8,2015,DEF,
Oakland (Oak),6,8,2015,DEF,
Philadelphia (Phi),,8,2015,DEF,
Pittsburgh (Pit),10,8,2015,DEF,
San Francisco (SF),4,8,2015,DEF,
Seattle (Sea),9,8,2015,DEF,
Tampa Bay (TB),10,8,2015,DEF,
Tennessee (Ten),4,8,2015,DEF,
Washington (Was),,8,2015,DEF,
Arizona (Ari),,9,2015,DEF,
Atlanta (Atl),5,9,2015,DEF,
Baltimore (Bal),,9,2015,DEF,
Buffalo (Buf),7,9,2015,DEF,
Carolina (Car),8,9,2015,DEF,
Chicago (Chi),8,9,2015,DEF,
Cincinnati (Cin),7,9,2015,DEF,
Cleveland (Cle),3,9,2015,DEF,
Dallas (Dal),3,9,2015,DEF,
Denver (Den),7,9,2015,DEF,
Detroit (Det),,9,2015,DEF,
Green Bay (GB),-2,9,2015,DEF,
Houston (Hou),,9,2015,DEF,
Indianapolis (Ind),5,9,2015,DEF,
Jacksonville (Jax),1,9,2015,DEF,
Kansas City (KC),,9,2015,DEF,
Los Angeles (LAC),11,9,2015,DEF,
Los Angeles (LAR),3,9,2015,DEF,
Miami (Mia),2,9,2015,DEF,
Minnesota (Min),2,9,2015,DEF,
New England (NE),9,9,2015,DEF,
New Orleans (NO),1,9,2015,DEF,
New York (NYG),13,9,2015,DEF,
New York (NYJ),14,9,2015,DEF,
Oakland (Oak),1,9,2015,DEF,
Philadelphia (Phi),12,9,2015,DEF,
Pittsburgh (Pit),4,9,2015,DEF,
San Francisco (SF),3,9,2015,DEF,
Seattle (Sea),,9,2015,DEF,
Tampa Bay (TB),4,9,2015,DEF,
Tennessee (Ten),9,9,2015,DEF,
Washington (Was),4,9,2015,DEF,
Arizona (Ari),6,10,2015,DEF,
Atlanta (Atl),,10,2015,DEF,
Baltimore (Bal),7,10,2015,DEF,
Buffalo (Buf),16,10,2015,DEF,
Carolina (Car),9,10,2015,DEF,
Chicago (Chi),9,10,2015,DEF,
Cincinnati (Cin),9,10,2015,DEF,
Cleveland (Cle),4,10,2015,DEF,
Dallas (Dal),14,10,2015,DEF,
Denver (Den),1,10,2015,DEF,
Detroit (Det),6,10,2015,DEF,
Green Bay (GB),5,10,2015,DEF,
Houston (Hou),15,10,2015,DEF,
Indianapolis (Ind),,10,2015,DEF,
Jacksonville (Jax),10,10,2015,DEF,
Kansas City (KC),21,10,2015,DEF,
Los Angeles (LAC),,10,2015,DEF,
Los Angeles (LAR),2,10,2015,DEF,
Miami (Mia),9,10,2015,DEF,
Minnesota (Min),15,10,2015,DEF,
New England (NE),11,10,2015,DEF,
New Orleans (NO),-1,10,2015,DEF,
New York (NYG),7,10,2015,DEF,
New York (NYJ),5,10,2015,DEF,
Oakland (Oak),5,10,2015,DEF,
Philadelphia (Phi),11,10,2015,DEF,
Pittsburgh (Pit),18,10,2015,DEF,
San Francisco (SF),,10,2015,DEF,
Seattle (Sea),11,10,2015,DEF,
Tampa Bay (TB),12,10,2015,DEF,
Tennessee (Ten),5,10,2015,DEF,
Washington (Was),15,10,2015,DEF,
Arizona (Ari),11,11,2015,DEF,
Atlanta (Atl),9,11,2015,DEF,
Baltimore (Bal),17,11,2015,DEF,
Buffalo (Buf),4,11,2015,DEF,
Carolina (Car),16,11,2015,DEF,
Chicago (Chi),6,11,2015,DEF,
Cincinnati (Cin),5,11,2015,DEF,
Cleveland (Cle),,11,2015,DEF,
Dallas (Dal),12,11,2015,DEF,
Denver (Den),7,11,2015,DEF,
Detroit (Det),7,11,2015,DEF,
Green Bay (GB),12,11,2015,DEF,
Houston (Hou),10,11,2015,DEF,
Indianapolis (Ind),17,11,2015,DEF,
Jacksonville (Jax),10,11,2015,DEF,
Kansas City (KC),20,11,2015,DEF,
Los Angeles (LAC),3,11,2015,DEF,
Los Angeles (LAR),6,11,2015,DEF,
Miami (Mia),7,11,2015,DEF,
Minnesota (Min),1,11,2015,DEF,
New England (NE),8,11,2015,DEF,
New Orleans (NO),,11,2015,DEF,
New York (NYG),,11,2015,DEF,
New York (NYJ),3,11,2015,DEF,
Oakland (Oak),5,11,2015,DEF,
Philadelphia (Phi),-1,11,2015,DEF,
Pittsburgh (Pit),,11,2015,DEF,
San Francisco (SF),3,11,2015,DEF,
Seattle (Sea),6,11,2015,DEF,
Tampa Bay (TB),20,11,2015,DEF,
Tennessee (Ten),9,11,2015,DEF,
Washington (Was),6,11,2015,DEF,
Arizona (Ari),10,12,2015,DEF,
Atlanta (Atl),3,12,2015,DEF,
Baltimore (Bal),16,12,2015,DEF,
Buffalo (Buf),0,12,2015,DEF,
Carolina (Car),21,12,2015,DEF,
Chicago (Chi),10,12,2015,DEF,
Cincinnati (Cin),17,12,2015,DEF,
Cleveland (Cle),9,12,2015,DEF,
Dallas (Dal),3,12,2015,DEF,
Denver (Den),5,12,2015,DEF,
Detroit (Det),9,12,2015,DEF,
Green Bay (GB),2,12,2015,DEF,
Houston (Hou),11,12,2015,DEF,
Indianapolis (Ind),11,12,2015,DEF,
Jacksonville (Jax),3,12,2015,DEF,
Kansas City (KC),5,12,2015,DEF,
Los Angeles (LAC),4,12,2015,DEF,
Los Angeles (LAR),2,12,2015,DEF,
Miami (Mia),-3,12,2015,DEF,
Minnesota (Min),12,12,2015,DEF,
New England (NE),4,12,2015,DEF,
New Orleans (NO),3,12,2015,DEF,
New York (NYG),3,12,2015,DEF,
New York (NYJ),8,12,2015,DEF,
Oakland (Oak),8,12,2015,DEF,
Philadelphia (Phi),-2,12,2015,DEF,
Pittsburgh (Pit),0,12,2015,DEF,
San Francisco (SF),2,12,2015,DEF,
Seattle (Sea),9,12,2015,DEF,
Tampa Bay (TB),5,12,2015,DEF,
Tennessee (Ten),5,12,2015,DEF,
Washington (Was),10,12,2015,DEF,
Arizona (Ari),9,13,2015,DEF,
Atlanta (Atl),5,13,2015,DEF,
Baltimore (Bal),7,13,2015,DEF,
Buffalo (Buf),4,13,2015,DEF,
Carolina (Car),5,13,2015,DEF,
Chicago (Chi),7,13,2015,DEF,
Cincinnati (Cin),16,13,2015,DEF,
Cleveland (Cle),-3,13,2015,DEF,
Dallas (Dal),6,13,2015,DEF,
Denver (Den),23,13,2015,DEF,
Detroit (Det),5,13,2015,DEF,
Green Bay (GB),5,13,2015,DEF,
Houston (Hou),0,13,2015,DEF,
Indianapolis (Ind),2,13,2015,DEF,
Jacksonville (Jax),4,13,2015,DEF,
Kansas City (KC),21,13,2015,DEF,
Los Angeles (LAC),7,13,2015,DEF,
Los Angeles (LAR),2,13,2015,DEF,
Miami (Mia),17,13,2015,DEF,
Minnesota (Min),6,13,2015,DEF,
New England (NE),4,13,2015,DEF,
New Orleans (NO),11,13,2015,DEF,
New York (NYG),11,13,2015,DEF,
New York (NYJ),6,13,2015,DEF,
Oakland (Oak),7,13,2015,DEF,
Philadelphia (Phi),27,13,2015,DEF,
Pittsburgh (Pit),21,13,2015,DEF,
San Francisco (SF),10,13,2015,DEF,
Seattle (Sea),10,13,2015,DEF,
Tampa Bay (TB),6,13,2015,DEF,
Tennessee (Ten),6,13,2015,DEF,
Washington (Was),8,13,2015,DEF,
Arizona (Ari),10,14,2015,DEF,
Atlanta (Atl),0,14,2015,DEF,
Baltimore (Bal),-2,14,2015,DEF,
Buffalo (Buf),3,14,2015,DEF,
Carolina (Car),23,14,2015,DEF,
Chicago (Chi),5,14,2015,DEF,
Cincinnati (Cin),4,14,2015,DEF,
Cleveland (Cle),13,14,2015,DEF,
Dallas (Dal),1,14,2015,DEF,
Denver (Den),7,14,2015,DEF,
Detroit (Det),6,14,2015,DEF,
Green Bay (GB),8,14,2015,DEF,
Houston (Hou),5,14,2015,DEF,
Indianapolis (Ind),9,14,2015,DEF,
Jacksonville (Jax),25,14,2015,DEF,
Kansas City (KC),16,14,2015,DEF,
Los Angeles (LAC),10,14,2015,DEF,
Los Angeles (LAR),13,14,2015,DEF,
Miami (Mia),1,14,2015,DEF,
Minnesota (Min),4,14,2015,DEF,
New England (NE),15,14,2015,DEF,
New Orleans (NO),2,14,2015,DEF,
New York (NYG),3,14,2015,DEF,
New York (NYJ),11,14,2015,DEF,
Oakland (Oak),15,14,2015,DEF,
Philadelphia (Phi),6,14,2015,DEF,
Pittsburgh (Pit),16,14,2015,DEF,
San Francisco (SF),8,14,2015,DEF,
Seattle (Sea),12,14,2015,DEF,
Tampa Bay (TB),2,14,2015,DEF,
Tennessee (Ten),0,14,2015,DEF,
Washington (Was),5,14,2015,DEF,
Arizona (Ari),17,15,2015,DEF,
Atlanta (Atl),5,15,2015,DEF,
Baltimore (Bal),3,15,2015,DEF,
Buffalo (Buf),-1,15,2015,DEF,
Carolina (Car),2,15,2015,DEF,
Chicago (Chi),-3,15,2015,DEF,
Cincinnati (Cin),15,15,2015,DEF,
Cleveland (Cle),1,15,2015,DEF,
Dallas (Dal),5,15,2015,DEF,
Denver (Den),6,15,2015,DEF,
Detroit (Det),1,15,2015,DEF,
Green Bay (GB),14,15,2015,DEF,
Houston (Hou),11,15,2015,DEF,
Indianapolis (Ind),8,15,2015,DEF,
Jacksonville (Jax),3,15,2015,DEF,
Kansas City (KC),21,15,2015,DEF,
Los Angeles (LAC),6,15,2015,DEF,
Los Angeles (LAR),4,15,2015,DEF,
Miami (Mia),4,15,2015,DEF,
Minnesota (Min),10,15,2015,DEF,
New England (NE),18,15,2015,DEF,
New Orleans (NO),1,15,2015,DEF,
New York (NYG),3,15,2015,DEF,
New York (NYJ),11,15,2015,DEF,
Oakland (Oak),8,15,2015,DEF,
Philadelphia (Phi),1,15,2015,DEF,
Pittsburgh (Pit),6,15,2015,DEF,
San Francisco (SF),6,15,2015,DEF,
Seattle (Sea),9,15,2015,DEF,
Tampa Bay (TB),1,15,2015,DEF,
Tennessee (Ten),6,15,2015,DEF,
Washington (Was),5,15,2015,DEF,
Arizona (Ari),35,16,2015,DEF,
Atlanta (Atl),8,16,2015,DEF,
Baltimore (Bal),10,16,2015,DEF,
Buffalo (Buf),11,16,2015,DEF,
Carolina (Car),5,16,2015,DEF,
Chicago (Chi),7,16,2015,DEF,
Cincinnati (Cin),6,16,2015,DEF,
Cleveland (Cle),4,16,2015,DEF,
Dallas (Dal),8,16,2015,DEF,
Denver (Den),7,16,2015,DEF,
Detroit (Det),6,16,2015,DEF,
Green Bay (GB),6,16,2015,DEF,
Houston (Hou),22,16,2015,DEF,
Indianapolis (Ind),14,16,2015,DEF,
Jacksonville (Jax),1,16,2015,DEF,
Kansas City (KC),8,16,2015,DEF,
Los Angeles (LAC),5,16,2015,DEF,
Los Angeles (LAR),17,16,2015,DEF,
Miami (Mia),3,16,2015,DEF,
Minnesota (Min),17,16,2015,DEF,
New England (NE),9,16,2015,DEF,
New Orleans (NO),6,16,2015,DEF,
New York (NYG),-1,16,2015,DEF,
New York (NYJ),5,16,2015,DEF,
Oakland (Oak),6,16,2015,DEF,
Philadelphia (Phi),1,16,2015,DEF,
Pittsburgh (Pit),2,16,2015,DEF,
San Francisco (SF),1,16,2015,DEF,
Seattle (Sea),3,16,2015,DEF,
Tampa Bay (TB),3,16,2015,DEF,
Tennessee (Ten),2,16,2015,DEF,
Washington (Was),15,16,2015,DEF,
Arizona (Ari),-3,17,2015,DEF,
Atlanta (Atl),3,17,2015,DEF,
Baltimore (Bal),3,17,2015,DEF,
Buffalo (Buf),8,17,2015,DEF,
Carolina (Car),12,17,2015,DEF,
Chicago (Chi),4,17,2015,DEF,
Cincinnati (Cin),6,17,2015,DEF,
Cleveland (Cle),5,17,2015,DEF,
Dallas (Dal),2,17,2015,DEF,
Denver (Den),6,17,2015,DEF,
Detroit (Det),12,17,2015,DEF,
Green Bay (GB),8,17,2015,DEF,
Houston (Hou),29,17,2015,DEF,
Indianapolis (Ind),12,17,2015,DEF,
Jacksonville (Jax),4,17,2015,DEF,
Kansas City (KC),16,17,2015,DEF,
Los Angeles (LAC),14,17,2015,DEF,
Los Angeles (LAR),4,17,2015,DEF,
Miami (Mia),6,17,2015,DEF,
Minnesota (Min),19,17,2015,DEF,
New England (NE),2,17,2015,DEF,
New Orleans (NO),8,17,2015,DEF,
New York (NYG),4,17,2015,DEF,
New York (NYJ),4,17,2015,DEF,
Oakland (Oak),11,17,2015,DEF,
Philadelphia (Phi),9,17,2015,DEF,
Pittsburgh (Pit),19,17,2015,DEF,
San Francisco (SF),3,17,2015,DEF,
Seattle (Sea),15,17,2015,DEF,
Tampa Bay (TB),4,17,2015,DEF,
Tennessee (Ten),3,17,2015,DEF,
Washington (Was),10,17,2015,DEF,
Arizona (Ari),3,1,2014,DEF,
Atlanta (Atl),3,1,2014,DEF,
Baltimore (Bal),2,1,2014,DEF,
Buffalo (Buf),9,1,2014,DEF,
Carolina (Car),10,1,2014,DEF,
Chicago (Chi),3,1,2014,DEF,
Cincinnati (Cin),8,1,2014,DEF,
Cleveland (Cle),5,1,2014,DEF,
Dallas (Dal),1,1,2014,DEF,
Denver (Den),7,1,2014,DEF,
Detroit (Det),7,1,2014,DEF,
Green Bay (GB),2,1,2014,DEF,
Houston (Hou),24,1,2014,DEF,
Indianapolis (Ind),0,1,2014,DEF,
Jacksonville (Jax),10,1,2014,DEF,
Kansas City (KC),4,1,2014,DEF,
Los Angeles (LAC),9,1,2014,DEF,
Los Angeles (LAR),0,1,2014,DEF,
Miami (Mia),11,1,2014,DEF,
Minnesota (Min),22,1,2014,DEF,
New England (NE),6,1,2014,DEF,
New Orleans (NO),-1,1,2014,DEF,
New York (NYG),-3,1,2014,DEF,
New York (NYJ),3,1,2014,DEF,
Oakland (Oak),7,1,2014,DEF,
Philadelphia (Phi),14,1,2014,DEF,
Pittsburgh (Pit),3,1,2014,DEF,
San Francisco (SF),18,1,2014,DEF,
Seattle (Sea),8,1,2014,DEF,
Tampa Bay (TB),2,1,2014,DEF,
Tennessee (Ten),14,1,2014,DEF,
Washington (Was),4,1,2014,DEF,
Arizona (Ari),17,2,2014,DEF,
Atlanta (Atl),0,2,2014,DEF,
Baltimore (Bal),15,2,2014,DEF,
Buffalo (Buf),20,2,2014,DEF,
Carolina (Car),14,2,2014,DEF,
Chicago (Chi),13,2,2014,DEF,
Cincinnati (Cin),12,2,2014,DEF,
Cleveland (Cle),12,2,2014,DEF,
Dallas (Dal),10,2,2014,DEF,
Denver (Den),3,2,2014,DEF,
Detroit (Det),4,2,2014,DEF,
Green Bay (GB),4,2,2014,DEF,
Houston (Hou),9,2,2014,DEF,
Indianapolis (Ind),1,2,2014,DEF,
Jacksonville (Jax),-1,2,2014,DEF,
Kansas City (KC),1,2,2014,DEF,
Los Angeles (LAC),4,2,2014,DEF,
Los Angeles (LAR),8,2,2014,DEF,
Miami (Mia),-1,2,2014,DEF,
Minnesota (Min),0,2,2014,DEF,
New England (NE),26,2,2014,DEF,
New Orleans (NO),2,2,2014,DEF,
New York (NYG),4,2,2014,DEF,
New York (NYJ),5,2,2014,DEF,
Oakland (Oak),1,2,2014,DEF,
Philadelphia (Phi),4,2,2014,DEF,
Pittsburgh (Pit),0,2,2014,DEF,
San Francisco (SF),2,2,2014,DEF,
Seattle (Sea),0,2,2014,DEF,
Tampa Bay (TB),5,2,2014,DEF,
Tennessee (Ten),6,2,2014,DEF,
Washington (Was),16,2,2014,DEF,
Arizona (Ari),4,3,2014,DEF,
Atlanta (Atl),29,3,2014,DEF,
Baltimore (Bal),3,3,2014,DEF,
Buffalo (Buf),2,3,2014,DEF,
Carolina (Car),0,3,2014,DEF,
Chicago (Chi),16,3,2014,DEF,
Cincinnati (Cin),12,3,2014,DEF,
Cleveland (Cle),2,3,2014,DEF,
Dallas (Dal),12,3,2014,DEF,
Denver (Den),7,3,2014,DEF,
Detroit (Det),16,3,2014,DEF,
Green Bay (GB),12,3,2014,DEF,
Houston (Hou),2,3,2014,DEF,
Indianapolis (Ind),17,3,2014,DEF,
Jacksonville (Jax),-2,3,2014,DEF,
Kansas City (KC),8,3,2014,DEF,
Los Angeles (LAC),9,3,2014,DEF,
Los Angeles (LAR),9,3,2014,DEF,
Miami (Mia),10,3,2014,DEF,
Minnesota (Min),4,3,2014,DEF,
New England (NE),6,3,2014,DEF,
New Orleans (NO),6,3,2014,DEF,
New York (NYG),13,3,2014,DEF,
New York (NYJ),6,3,2014,DEF,
Oakland (Oak),3,3,2014,DEF,
Philadelphia (Phi),7,3,2014,DEF,
Pittsburgh (Pit),14,3,2014,DEF,
San Francisco (SF),2,3,2014,DEF,
Seattle (Sea),6,3,2014,DEF,
Tampa Bay (TB),11,3,2014,DEF,
Tennessee (Ten),1,3,2014,DEF,
Washington (Was),-2,3,2014,DEF,
Arizona (Ari),,4,2014,DEF,
Atlanta (Atl),-4,4,2014,DEF,
Baltimore (Bal),8,4,2014,DEF,
Buffalo (Buf),9,4,2014,DEF,
Carolina (Car),-4,4,2014,DEF,
Chicago (Chi),-1,4,2014,DEF,
Cincinnati (Cin),,4,2014,DEF,
Cleveland (Cle),,4,2014,DEF,
Dallas (Dal),9,4,2014,DEF,
Denver (Den),,4,2014,DEF,
Detroit (Det),7,4,2014,DEF,
Green Bay (GB),6,4,2014,DEF,
Houston (Hou),13,4,2014,DEF,
Indianapolis (Ind),10,4,2014,DEF,
Jacksonville (Jax),1,4,2014,DEF,
Kansas City (KC),16,4,2014,DEF,
Los Angeles (LAC),10,4,2014,DEF,
Los Angeles (LAR),,4,2014,DEF,
Miami (Mia),17,4,2014,DEF,
Minnesota (Min),4,4,2014,DEF,
New England (NE),-2,4,2014,DEF,
New Orleans (NO),-3,4,2014,DEF,
New York (NYG),15,4,2014,DEF,
New York (NYJ),4,4,2014,DEF,
Oakland (Oak),5,4,2014,DEF,
Philadelphia (Phi),26,4,2014,DEF,
Pittsburgh (Pit),3,4,2014,DEF,
San Francisco (SF),10,4,2014,DEF,
Seattle (Sea),,4,2014,DEF,
Tampa Bay (TB),7,4,2014,DEF,
Tennessee (Ten),-2,4,2014,DEF,
Washington (Was),-1,4,2014,DEF,
Arizona (Ari),1,5,2014,DEF,
Atlanta (Atl),4,5,2014,DEF,
Baltimore (Bal),10,5,2014,DEF,
Buffalo (Buf),14,5,2014,DEF,
Carolina (Car),18,5,2014,DEF,
Chicago (Chi),7,5,2014,DEF,
Cincinnati (Cin),-3,5,2014,DEF,
Cleveland (Cle),6,5,2014,DEF,
Dallas (Dal),3,5,2014,DEF,
Denver (Den),4,5,2014,DEF,
Detroit (Det),11,5,2014,DEF,
Green Bay (GB),22,5,2014,DEF,
Houston (Hou),8,5,2014,DEF,
Indianapolis (Ind),14,5,2014,DEF,
Jacksonville (Jax),10,5,2014,DEF,
Kansas City (KC),3,5,2014,DEF,
Los Angeles (LAC),16,5,2014,DEF,
Los Angeles (LAR),5,5,2014,DEF,
Miami (Mia),,5,2014,DEF,
Minnesota (Min),0,5,2014,DEF,
New England (NE),14,5,2014,DEF,
New Orleans (NO),5,5,2014,DEF,
New York (NYG),4,5,2014,DEF,
New York (NYJ),4,5,2014,DEF,
Oakland (Oak),,5,2014,DEF,
Philadelphia (Phi),23,5,2014,DEF,
Pittsburgh (Pit),15,5,2014,DEF,
San Francisco (SF),3,5,2014,DEF,
Seattle (Sea),2,5,2014,DEF,
Tampa Bay (TB),8,5,2014,DEF,
Tennessee (Ten),3,5,2014,DEF,
Washington (Was),3,5,2014,DEF,
Arizona (Ari),17,6,2014,DEF,
Atlanta (Atl),4,6,2014,DEF,
Baltimore (Bal),8,6,2014,DEF,
Buffalo (Buf),-2,6,2014,DEF,
Carolina (Car),1,6,2014,DEF,
Chicago (Chi),10,6,2014,DEF,
Cincinnati (Cin),-2,6,2014,DEF,
Cleveland (Cle),8,6,2014,DEF,
Dallas (Dal),4,6,2014,DEF,
Denver (Den),15,6,2014,DEF,
Detroit (Det),21,6,2014,DEF,
Green Bay (GB),7,6,2014,DEF,
Houston (Hou),12,6,2014,DEF,
Indianapolis (Ind),9,6,2014,DEF,
Jacksonville (Jax),4,6,2014,DEF,
Kansas City (KC),,6,2014,DEF,
Los Angeles (LAC),1,6,2014,DEF,
Los Angeles (LAR),2,6,2014,DEF,
Miami (Mia),5,6,2014,DEF,
Minnesota (Min),5,6,2014,DEF,
New England (NE),11,6,2014,DEF,
New Orleans (NO),,6,2014,DEF,
New York (NYG),5,6,2014,DEF,
New York (NYJ),2,6,2014,DEF,
Oakland (Oak),0,6,2014,DEF,
Philadelphia (Phi),20,6,2014,DEF,
Pittsburgh (Pit),2,6,2014,DEF,
San Francisco (SF),14,6,2014,DEF,
Seattle (Sea),12,6,2014,DEF,
Tampa Bay (TB),0,6,2014,DEF,
Tennessee (Ten),13,6,2014,DEF,
Washington (Was),1,6,2014,DEF,
Arizona (Ari),5,7,2014,DEF,
Atlanta (Atl),7,7,2014,DEF,
Baltimore (Bal),13,7,2014,DEF,
Buffalo (Buf),10,7,2014,DEF,
Carolina (Car),-2,7,2014,DEF,
Chicago (Chi),6,7,2014,DEF,
Cincinnati (Cin),6,7,2014,DEF,
Cleveland (Cle),8,7,2014,DEF,
Dallas (Dal),4,7,2014,DEF,
Denver (Den),9,7,2014,DEF,
Detroit (Det),5,7,2014,DEF,
Green Bay (GB),6,7,2014,DEF,
Houston (Hou),4,7,2014,DEF,
Indianapolis (Ind),14,7,2014,DEF,
Jacksonville (Jax),16,7,2014,DEF,
Kansas City (KC),5,7,2014,DEF,
Los Angeles (LAC),3,7,2014,DEF,
Los Angeles (LAR),9,7,2014,DEF,
Miami (Mia),10,7,2014,DEF,
Minnesota (Min),15,7,2014,DEF,
New England (NE),5,7,2014,DEF,
New Orleans (NO),7,7,2014,DEF,
New York (NYG),3,7,2014,DEF,
New York (NYJ),1,7,2014,DEF,
Oakland (Oak),3,7,2014,DEF,
Philadelphia (Phi),,7,2014,DEF,
Pittsburgh (Pit),7,7,2014,DEF,
San Francisco (SF),-2,7,2014,DEF,
Seattle (Sea),-1,7,2014,DEF,
Tampa Bay (TB),,7,2014,DEF,
Tennessee (Ten),8,7,2014,DEF,
Washington (Was),6,7,2014,DEF,
Arizona (Ari),7,8,2014,DEF,
Atlanta (Atl),2,8,2014,DEF,
Baltimore (Bal),6,8,2014,DEF,
Buffalo (Buf),16,8,2014,DEF,
Carolina (Car),9,8,2014,DEF,
Chicago (Chi),-3,8,2014,DEF,
Cincinnati (Cin),5,8,2014,DEF,
Cleveland (Cle),13,8,2014,DEF,
Dallas (Dal),6,8,2014,DEF,
Denver (Den),6,8,2014,DEF,
Detroit (Det),4,8,2014,DEF,
Green Bay (GB),0,8,2014,DEF,
Houston (Hou),7,8,2014,DEF,
Indianapolis (Ind),2,8,2014,DEF,
Jacksonville (Jax),6,8,2014,DEF,
Kansas City (KC),19,8,2014,DEF,
Los Angeles (LAC),-4,8,2014,DEF,
Los Angeles (LAR),3,8,2014,DEF,
Miami (Mia),28,8,2014,DEF,
Minnesota (Min),19,8,2014,DEF,
New England (NE),13,8,2014,DEF,
New Orleans (NO),10,8,2014,DEF,
New York (NYG),,8,2014,DEF,
New York (NYJ),0,8,2014,DEF,
Oakland (Oak),1,8,2014,DEF,
Philadelphia (Phi),2,8,2014,DEF,
Pittsburgh (Pit),13,8,2014,DEF,
San Francisco (SF),,8,2014,DEF,
Seattle (Sea),11,8,2014,DEF,
Tampa Bay (TB),5,8,2014,DEF,
Tennessee (Ten),4,8,2014,DEF,
Washington (Was),10,8,2014,DEF,
Arizona (Ari),11,9,2014,DEF,
Atlanta (Atl),,9,2014,DEF,
Baltimore (Bal),7,9,2014,DEF,
Buffalo (Buf),,9,2014,DEF,
Carolina (Car),7,9,2014,DEF,
Chicago (Chi),,9,2014,DEF,
Cincinnati (Cin),8,9,2014,DEF,
Cleveland (Cle),9,9,2014,DEF,
Dallas (Dal),9,9,2014,DEF,
Denver (Den),-1,9,2014,DEF,
Detroit (Det),,9,2014,DEF,
Green Bay (GB),,9,2014,DEF,
Houston (Hou),17,9,2014,DEF,
Indianapolis (Ind),5,9,2014,DEF,
Jacksonville (Jax),5,9,2014,DEF,
Kansas City (KC),7,9,2014,DEF,
Los Angeles (LAC),-4,9,2014,DEF,
Los Angeles (LAR),16,9,2014,DEF,
Miami (Mia),22,9,2014,DEF,
Minnesota (Min),7,9,2014,DEF,
New England (NE),11,9,2014,DEF,
New Orleans (NO),12,9,2014,DEF,
New York (NYG),-3,9,2014,DEF,
New York (NYJ),1,9,2014,DEF,
Oakland (Oak),9,9,2014,DEF,
Philadelphia (Phi),7,9,2014,DEF,
Pittsburgh (Pit),8,9,2014,DEF,
San Francisco (SF),9,9,2014,DEF,
Seattle (Sea),13,9,2014,DEF,
Tampa Bay (TB),7,9,2014,DEF,
Tennessee (Ten),,9,2014,DEF,
Washington (Was),1,9,2014,DEF,
Arizona (Ari),25,10,2014,DEF,
Atlanta (Atl),11,10,2014,DEF,
Baltimore (Bal),13,10,2014,DEF,
Buffalo (Buf),9,10,2014,DEF,
Carolina (Car),-3,10,2014,DEF,
Chicago (Chi),4,10,2014,DEF,
Cincinnati (Cin),2,10,2014,DEF,
Cleveland (Cle),17,10,2014,DEF,
Dallas (Dal),11,10,2014,DEF,
Denver (Den),7,10,2014,DEF,
Detroit (Det),8,10,2014,DEF,
Green Bay (GB),17,10,2014,DEF,
Houston (Hou),,10,2014,DEF,
Indianapolis (Ind),,10,2014,DEF,
Jacksonville (Jax),4,10,2014,DEF,
Kansas City (KC),9,10,2014,DEF,
Los Angeles (LAC),,10,2014,DEF,
Los Angeles (LAR),6,10,2014,DEF,
Miami (Mia),8,10,2014,DEF,
Minnesota (Min),,10,2014,DEF,
New England (NE),,10,2014,DEF,
New Orleans (NO),6,10,2014,DEF,
New York (NYG),4,10,2014,DEF,
New York (NYJ),14,10,2014,DEF,
Oakland (Oak),0,10,2014,DEF,
Philadelphia (Phi),31,10,2014,DEF,
Pittsburgh (Pit),5,10,2014,DEF,
San Francisco (SF),8,10,2014,DEF,
Seattle (Sea),7,10,2014,DEF,
Tampa Bay (TB),1,10,2014,DEF,
Tennessee (Ten),1,10,2014,DEF,
Washington (Was),,10,2014,DEF,
Arizona (Ari),13,11,2014,DEF,
Atlanta (Atl),9,11,2014,DEF,
Baltimore (Bal),,11,2014,DEF,
Buffalo (Buf),10,11,2014,DEF,
Carolina (Car),5,11,2014,DEF,
Chicago (Chi),8,11,2014,DEF,
Cincinnati (Cin),6,11,2014,DEF,
Cleveland (Cle),2,11,2014,DEF,
Dallas (Dal),,11,2014,DEF,
Denver (Den),3,11,2014,DEF,
Detroit (Det),5,11,2014,DEF,
Green Bay (GB),30,11,2014,DEF,
Houston (Hou),10,11,2014,DEF,
Indianapolis (Ind),0,11,2014,DEF,
Jacksonville (Jax),,11,2014,DEF,
Kansas City (KC),3,11,2014,DEF,
Los Angeles (LAC),11,11,2014,DEF,
Los Angeles (LAR),10,11,2014,DEF,
Miami (Mia),8,11,2014,DEF,
Minnesota (Min),4,11,2014,DEF,
New England (NE),4,11,2014,DEF,
New Orleans (NO),1,11,2014,DEF,
New York (NYG),4,11,2014,DEF,
New York (NYJ),,11,2014,DEF,
Oakland (Oak),6,11,2014,DEF,
Philadelphia (Phi),1,11,2014,DEF,
Pittsburgh (Pit),8,11,2014,DEF,
San Francisco (SF),16,11,2014,DEF,
Seattle (Sea),4,11,2014,DEF,
Tampa Bay (TB),22,11,2014,DEF,
Tennessee (Ten),7,11,2014,DEF,
Washington (Was),4,11,2014,DEF,
Arizona (Ari),10,12,2014,DEF,
Atlanta (Atl),7,12,2014,DEF,
Baltimore (Bal),12,12,2014,DEF,
Buffalo (Buf),24,12,2014,DEF,
Carolina (Car),,12,2014,DEF,
Chicago (Chi),17,12,2014,DEF,
Cincinnati (Cin),9,12,2014,DEF,
Cleveland (Cle),7,12,2014,DEF,
Dallas (Dal),3,12,2014,DEF,
Denver (Den),-1,12,2014,DEF,
Detroit (Det),1,12,2014,DEF,
Green Bay (GB),4,12,2014,DEF,
Houston (Hou),9,12,2014,DEF,
Indianapolis (Ind),15,12,2014,DEF,
Jacksonville (Jax),11,12,2014,DEF,
Kansas City (KC),3,12,2014,DEF,
Los Angeles (LAC),14,12,2014,DEF,
Los Angeles (LAR),15,12,2014,DEF,
Miami (Mia),-1,12,2014,DEF,
Minnesota (Min),1,12,2014,DEF,
New England (NE),8,12,2014,DEF,
New Orleans (NO),2,12,2014,DEF,
New York (NYG),3,12,2014,DEF,
New York (NYJ),-3,12,2014,DEF,
Oakland (Oak),3,12,2014,DEF,
Philadelphia (Phi),17,12,2014,DEF,
Pittsburgh (Pit),,12,2014,DEF,
San Francisco (SF),11,12,2014,DEF,
Seattle (Sea),14,12,2014,DEF,
Tampa Bay (TB),5,12,2014,DEF,
Tennessee (Ten),2,12,2014,DEF,
Washington (Was),9,12,2014,DEF,
Arizona (Ari),8,13,2014,DEF,
Atlanta (Atl),10,13,2014,DEF,
Baltimore (Bal),5,13,2014,DEF,
Buffalo (Buf),18,13,2014,DEF,
Carolina (Car),2,13,2014,DEF,
Chicago (Chi),3,13,2014,DEF,
Cincinnati (Cin),7,13,2014,DEF,
Cleveland (Cle),8,13,2014,DEF,
Dallas (Dal),2,13,2014,DEF,
Denver (Den),13,13,2014,DEF,
Detroit (Det),8,13,2014,DEF,
Green Bay (GB),1,13,2014,DEF,
Houston (Hou),12,13,2014,DEF,
Indianapolis (Ind),14,13,2014,DEF,
Jacksonville (Jax),22,13,2014,DEF,
Kansas City (KC),2,13,2014,DEF,
Los Angeles (LAC),-1,13,2014,DEF,
Los Angeles (LAR),32,13,2014,DEF,
Miami (Mia),8,13,2014,DEF,
Minnesota (Min),26,13,2014,DEF,
New England (NE),3,13,2014,DEF,
New Orleans (NO),4,13,2014,DEF,
New York (NYG),11,13,2014,DEF,
New York (NYJ),5,13,2014,DEF,
Oakland (Oak),-3,13,2014,DEF,
Philadelphia (Phi),14,13,2014,DEF,
Pittsburgh (Pit),-3,13,2014,DEF,
San Francisco (SF),5,13,2014,DEF,
Seattle (Sea),17,13,2014,DEF,
Tampa Bay (TB),9,13,2014,DEF,
Tennessee (Ten),4,13,2014,DEF,
Washington (Was),3,13,2014,DEF,
Arizona (Ari),10,14,2014,DEF,
Atlanta (Atl),-1,14,2014,DEF,
Baltimore (Bal),10,14,2014,DEF,
Buffalo (Buf),6,14,2014,DEF,
Carolina (Car),10,14,2014,DEF,
Chicago (Chi),-3,14,2014,DEF,
Cincinnati (Cin),-4,14,2014,DEF,
Cleveland (Cle),23,14,2014,DEF,
Dallas (Dal),5,14,2014,DEF,
Denver (Den),11,14,2014,DEF,
Detroit (Det),13,14,2014,DEF,
Green Bay (GB),1,14,2014,DEF,
Houston (Hou),10,14,2014,DEF,
Indianapolis (Ind),9,14,2014,DEF,
Jacksonville (Jax),1,14,2014,DEF,
Kansas City (KC),3,14,2014,DEF,
Los Angeles (LAC),11,14,2014,DEF,
Los Angeles (LAR),27,14,2014,DEF,
Miami (Mia),2,14,2014,DEF,
Minnesota (Min),13,14,2014,DEF,
New England (NE),12,14,2014,DEF,
New Orleans (NO),-4,14,2014,DEF,
New York (NYG),27,14,2014,DEF,
New York (NYJ),9,14,2014,DEF,
Oakland (Oak),13,14,2014,DEF,
Philadelphia (Phi),6,14,2014,DEF,
Pittsburgh (Pit),7,14,2014,DEF,
San Francisco (SF),1,14,2014,DEF,
Seattle (Sea),8,14,2014,DEF,
Tampa Bay (TB),5,14,2014,DEF,
Tennessee (Ten),7,14,2014,DEF,
Washington (Was),4,14,2014,DEF,
Arizona (Ari),13,15,2014,DEF,
Atlanta (Atl),1,15,2014,DEF,
Baltimore (Bal),22,15,2014,DEF,
Buffalo (Buf),19,15,2014,DEF,
Carolina (Car),10,15,2014,DEF,
Chicago (Chi),3,15,2014,DEF,
Cincinnati (Cin),17,15,2014,DEF,
Cleveland (Cle),3,15,2014,DEF,
Dallas (Dal),12,15,2014,DEF,
Denver (Den),10,15,2014,DEF,
Detroit (Det),11,15,2014,DEF,
Green Bay (GB),6,15,2014,DEF,
Houston (Hou),13,15,2014,DEF,
Indianapolis (Ind),12,15,2014,DEF,
Jacksonville (Jax),3,15,2014,DEF,
Kansas City (KC),16,15,2014,DEF,
Los Angeles (LAC),1,15,2014,DEF,
Los Angeles (LAR),5,15,2014,DEF,
Miami (Mia),-2,15,2014,DEF,
Minnesota (Min),1,15,2014,DEF,
New England (NE),20,15,2014,DEF,
New Orleans (NO),14,15,2014,DEF,
New York (NYG),11,15,2014,DEF,
New York (NYJ),7,15,2014,DEF,
Oakland (Oak),2,15,2014,DEF,
Philadelphia (Phi),1,15,2014,DEF,
Pittsburgh (Pit),9,15,2014,DEF,
San Francisco (SF),8,15,2014,DEF,
Seattle (Sea),10,15,2014,DEF,
Tampa Bay (TB),6,15,2014,DEF,
Tennessee (Ten),6,15,2014,DEF,
Washington (Was),3,15,2014,DEF,
Arizona (Ari),-3,16,2014,DEF,
Atlanta (Atl),20,16,2014,DEF,
Baltimore (Bal),2,16,2014,DEF,
Buffalo (Buf),1,16,2014,DEF,
Carolina (Car),9,16,2014,DEF,
Chicago (Chi),13,16,2014,DEF,
Cincinnati (Cin),16,16,2014,DEF,
Cleveland (Cle),6,16,2014,DEF,
Dallas (Dal),12,16,2014,DEF,
Denver (Den),9,16,2014,DEF,
Detroit (Det),5,16,2014,DEF,
Green Bay (GB),16,16,2014,DEF,
Houston (Hou),12,16,2014,DEF,
Indianapolis (Ind),-1,16,2014,DEF,
Jacksonville (Jax),8,16,2014,DEF,
Kansas City (KC),2,16,2014,DEF,
Los Angeles (LAC),13,16,2014,DEF,
Los Angeles (LAR),-1,16,2014,DEF,
Miami (Mia),6,16,2014,DEF,
Minnesota (Min),1,16,2014,DEF,
New England (NE),7,16,2014,DEF,
New Orleans (NO),0,16,2014,DEF,
New York (NYG),8,16,2014,DEF,
New York (NYJ),7,16,2014,DEF,
Oakland (Oak),6,16,2014,DEF,
Philadelphia (Phi),6,16,2014,DEF,
Pittsburgh (Pit),12,16,2014,DEF,
San Francisco (SF),13,16,2014,DEF,
Seattle (Sea),13,16,2014,DEF,
Tampa Bay (TB),4,16,2014,DEF,
Tennessee (Ten),4,16,2014,DEF,
Washington (Was),7,16,2014,DEF,
Arizona (Ari),2,17,2014,DEF,
Atlanta (Atl),1,17,2014,DEF,
Baltimore (Bal),12,17,2014,DEF,
Buffalo (Buf),8,17,2014,DEF,
Carolina (Car),31,17,2014,DEF,
Chicago (Chi),9,17,2014,DEF,
Cincinnati (Cin),6,17,2014,DEF,
Cleveland (Cle),2,17,2014,DEF,
Dallas (Dal),18,17,2014,DEF,
Denver (Den),17,17,2014,DEF,
Detroit (Det),6,17,2014,DEF,
Green Bay (GB),13,17,2014,DEF,
Houston (Hou),11,17,2014,DEF,
Indianapolis (Ind),10,17,2014,DEF,
Jacksonville (Jax),13,17,2014,DEF,
Kansas City (KC),17,17,2014,DEF,
Los Angeles (LAC),5,17,2014,DEF,
Los Angeles (LAR),8,17,2014,DEF,
Miami (Mia),-1,17,2014,DEF,
Minnesota (Min),6,17,2014,DEF,
New England (NE),5,17,2014,DEF,
New Orleans (NO),8,17,2014,DEF,
New York (NYG),5,17,2014,DEF,
New York (NYJ),9,17,2014,DEF,
Oakland (Oak),5,17,2014,DEF,
Philadelphia (Phi),10,17,2014,DEF,
Pittsburgh (Pit),16,17,2014,DEF,
San Francisco (SF),9,17,2014,DEF,
Seattle (Sea),21,17,2014,DEF,
Tampa Bay (TB),8,17,2014,DEF,
Tennessee (Ten),1,17,2014,DEF,
Washington (Was),-2,17,2014,DEF,