PickOfRound,Player,Manager_Team,Year
1,Saquon Barkley(NYG - RB),SaquonDeezNuts,2019
2,Alvin Kamara(NO - RB),Hagar Billies,2019
3,Christian McCaffrey(Car - RB),Two Chips,2019
4,Davante Adams(GB - WR),TAEkin it 2 ...,2019
5,Nick Chubb(Cle - RB),Dinero Pineiro,2019
6,DeAndre Hopkins(Hou - WR),The Legion O...,2019
7,David Johnson(Ari - RB),Veggie Thunb...,2019
8,James Conner(Pit - RB),Steelers SIX...,2019
9,Ezekiel Elliott(Dal - RB),Thunder Horse,2019
10,Julio Jones(Atl - WR),Show Me Your...,2019
11,Le'Veon Bell(NYJ - RB),Admiral Ackb...,2019
12,Dalvin Cook(Min - RB),Da Bear Nece...,2019
1,Michael Thomas(NO - WR),Da Bear Nece...,2019
2,Travis Kelce(KC - TE),Admiral Ackb...,2019
3,JuJu Smith-Schuster(Pit - WR),Show Me Your...,2019
4,Tyreek Hill(KC - WR),Thunder Horse,2019
5,Odell Beckham Jr.(Cle - WR),Steelers SIX...,2019
6,Joe Mixon(Cin - RB),Veggie Thunb...,2019
7,Patrick Mahomes(KC - QB),The Legion O...,2019
8,Mike Evans(TB - WR),Dinero Pineiro,2019
9,Damien Williams(KC - RB),TAEkin it 2 ...,2019
10,David Montgomery(Chi - RB),Two Chips,2019
11,Kerryon Johnson(Det - RB),Hagar Billies,2019
12,Keenan Allen(LAC - WR),SaquonDeezNuts,2019
1,Devonta Freeman(Atl - RB),SaquonDeezNuts,2019
2,George Kittle(SF - TE),Hagar Billies,2019
3,Antonio Brown(NE - WR),Two Chips,2019
4,Adam Thielen(Min - WR),TAEkin it 2 ...,2019
5,Todd Gurley II(LAR - RB),Dinero Pineiro,2019
6,Aaron Jones(GB - RB),The Legion O...,2019
7,Amari Cooper(Dal - WR),Veggie Thunb...,2019
8,Leonard Fournette(Jax - RB),Steelers SIX...,2019
9,Stefon Diggs(Min - WR),Thunder Horse,2019
10,Zach Ertz(Phi - TE),Show Me Your...,2019
11,Marlon Mack(Ind - RB),Admiral Ackb...,2019
12,Chris Godwin(TB - WR),Da Bear Nece...,2019
1,Robert Woods(LAR - WR),Da Bear Nece...,2019
2,Brandin Cooks(LAR - WR),Admiral Ackb...,2019
3,Derrick Henry(Ten - RB),Show Me Your...,2019
4,Mark Ingram II(Bal - RB),Thunder Horse,2019
5,Tyler Boyd(Cin - WR),Steelers SIX...,2019
6,Mike Williams(LAC - WR),Veggie Thunb...,2019
7,Julian Edelman(NE - WR),The Legion O...,2019
8,Allen Robinson II(Chi - WR),Dinero Pineiro,2019
9,Chris Carson(Sea - RB),TAEkin it 2 ...,2019
10,Tyler Lockett(Sea - WR),Two Chips,2019
11,T.Y. Hilton(Ind - WR),Hagar Billies,2019
12,Kenny Golladay(Det - WR),SaquonDeezNuts,2019
1,Deshaun Watson(Hou - QB),SaquonDeezNuts,2019
2,Cooper Kupp(LAR - WR),Hagar Billies,2019
3,O.J. Howard(TB - TE),Two Chips,2019
4,Aaron Rodgers(GB - QB),TAEkin it 2 ...,2019
5,Chicago(Chi - DEF),Dinero Pineiro,2019
6,Sony Michel(NE - RB),The Legion O...,2019
7,Calvin Ridley(Atl - WR),Veggie Thunb...,2019
8,Phillip Lindsay(Den - RB),Steelers SIX...,2019
9,Alshon Jeffery(Phi - WR),Thunder Horse,2019
10,Josh Jacobs(Oak - RB),Show Me Your...,2019
11,Baker Mayfield(Cle - QB),Admiral Ackb...,2019
12,Evan Engram(NYG - TE),Da Bear Nece...,2019
1,Miles Sanders(Phi - RB),Da Bear Nece...,2019
2,Jarvis Landry(Cle - WR),Admiral Ackb...,2019
3,Drew Brees(NO - QB),Show Me Your...,2019
4,Russell Wilson(Sea - QB),Thunder Horse,2019
5,Josh Gordon(Sea - WR),Steelers SIX...,2019
6,Melvin Gordon III(LAC - RB),Veggie Thunb...,2019
7,DJ Moore(Car - WR),The Legion O...,2019
8,Matt Ryan(Atl - QB),Dinero Pineiro,2019
9,Hunter Henry(LAC - TE),TAEkin it 2 ...,2019
10,Dede Westbrook(Jax - WR),Two Chips,2019
11,Will Fuller V(Hou - WR),Hagar Billies,2019
12,Sterling Shepard(NYG - WR),SaquonDeezNuts,2019
1,Jared Cook(NO - TE),SaquonDeezNuts,2019
2,Carson Wentz(Phi - QB),Hagar Billies,2019
3,Corey Davis(Ten - WR),Two Chips,2019
4,Robby Anderson(NYJ - WR),TAEkin it 2 ...,2019
5,Devin Singletary(Buf - RB),Dinero Pineiro,2019
6,Vance McDonald(Pit - TE),The Legion O...,2019
7,A.J. Green(Cin - WR),Veggie Thunb...,2019
8,Larry Fitzgerald(Ari - WR),Steelers SIX...,2019
9,David Njoku(Cle - TE),Thunder Horse,2019
10,Los Angeles(LAR - DEF),Show Me Your...,2019
11,Sammy Watkins(KC - WR),Admiral Ackb...,2019
12,Jared Goff(LAR - QB),Da Bear Nece...,2019
1,Austin Ekeler(LAC - RB),Da Bear Nece...,2019
2,Derrius Guice(Was - RB),Admiral Ackb...,2019
3,Marvin Jones Jr.(Det - WR),Show Me Your...,2019
4,Curtis Samuel(Car - WR),Thunder Horse,2019
5,Cam Newton(Car - QB),Steelers SIX...,2019
6,Duke Johnson(Hou - RB),Veggie Thunb...,2019
7,Greg Zuerlein(LAR - K),The Legion O...,2019
8,Emmanuel Sanders(SF - WR),Dinero Pineiro,2019
9,Christian Kirk(Ari - WR),TAEkin it 2 ...,2019
10,Lamar Jackson(Bal - QB),Two Chips,2019
11,Kyler Murray(Ari - QB),Hagar Billies,2019
12,Kenny Stills(Hou - WR),SaquonDeezNuts,2019
1,James White(NE - RB),SaquonDeezNuts,2019
2,Latavius Murray(NO - RB),Hagar Billies,2019
3,Jameis Winston(TB - QB),Two Chips,2019
4,Dak Prescott(Dal - QB),TAEkin it 2 ...,2019
5,Delanie Walker(Ten - TE),Dinero Pineiro,2019
6,Jordan Howard(Phi - RB),The Legion O...,2019
7,Dante Pettis(SF - WR),Veggie Thunb...,2019
8,Tevin Coleman(SF - RB),Steelers SIX...,2019
9,Kenyan Drake(Ari - RB),Thunder Horse,2019
10,Tarik Cohen(Chi - RB),Show Me Your...,2019
11,Marquise Brown(Bal - WR),Admiral Ackb...,2019
12,Matt Breida(SF - RB),Da Bear Nece...,2019
1,Donte Moncrief(Car - WR),Da Bear Nece...,2019
2,Rashaad Penny(Sea - RB),Admiral Ackb...,2019
3,Justin Tucker(Bal - K),Show Me Your...,2019
4,Minnesota(Min - DEF),Thunder Horse,2019
5,Baltimore(Bal - DEF),Steelers SIX...,2019
6,Josh Allen(Buf - QB),Veggie Thunb...,2019
7,Jacksonville(Jax - DEF),The Legion O...,2019
8,Michael Gallup(Dal - WR),Dinero Pineiro,2019
9,Austin Hooper(Atl - TE),TAEkin it 2 ...,2019
10,Tony Pollard(Dal - RB),Two Chips,2019
11,Marquez Valdes-Scantling(GB - WR),Hagar Billies,2019
12,DeSean Jackson(Phi - WR),SaquonDeezNuts,2019
1,Cleveland(Cle - DEF),SaquonDeezNuts,2019
2,Darrell Henderson Jr.(LAR - RB),Hagar Billies,2019
3,Wil Lutz(NO - K),Two Chips,2019
4,Los Angeles(LAC - DEF),TAEkin it 2 ...,2019
5,John Brown(Buf - WR),Dinero Pineiro,2019
6,Keke Coutee(Hou - WR),The Legion O...,2019
7,Trey Burton(Chi - TE),Veggie Thunb...,2019
8,Mark Andrews(Bal - TE),Steelers SIX...,2019
9,Kyle Rudolph(Min - TE),Thunder Horse,2019
10,Peyton Barber(TB - RB),Show Me Your...,2019
11,Jamison Crowder(NYJ - WR),Admiral Ackb...,2019
12,Houston(Hou - DEF),Da Bear Nece...,2019
1,Harrison Butker(KC - K),Da Bear Nece...,2019
2,Stephen Gostkowski(NE - K),Admiral Ackb...,2019
3,Mohamed Sanu(NE - WR),Show Me Your...,2019
4,Nelson Agholor(Phi - WR),Thunder Horse,2019
5,Courtland Sutton(Den - WR),Steelers SIX...,2019
6,Dallas(Dal - DEF),Veggie Thunb...,2019
7,Ted Ginn Jr.(NO - WR),The Legion O...,2019
8,Royce Freeman(Den - RB),Dinero Pineiro,2019
9,Anthony Miller(Chi - WR),TAEkin it 2 ...,2019
10,Adrian Peterson(Was - RB),Two Chips,2019
11,Eric Ebron(Ind - TE),Hagar Billies,2019
12,Jake Elliott(Phi - K),SaquonDeezNuts,2019
1,James Washington(Pit - WR),SaquonDeezNuts,2019
2,New Orleans(NO - DEF),Hagar Billies,2019
3,Seattle(Sea - DEF),Two Chips,2019
4,LeSean McCoy(KC - RB),TAEkin it 2 ...,2019
5,Mitchell Trubisky(Chi - QB),Dinero Pineiro,2019
6,Tom Brady(NE - QB),The Legion O...,2019
7,Tre'Quan Smith(NO - WR),Veggie Thunb...,2019
8,Philip Rivers(LAC - QB),Steelers SIX...,2019
9,Jason Myers(Sea - K),Thunder Horse,2019
10,DK Metcalf(Sea - WR),Show Me Your...,2019
11,New England(NE - DEF),Admiral Ackb...,2019
12,Ben Roethlisberger(Pit - QB),Da Bear Nece...,2019
1,Tyrell Williams(Oak - WR),Da Bear Nece...,2019
2,Sam Darnold(NYJ - QB),Admiral Ackb...,2019
3,Kirk Cousins(Min - QB),Show Me Your...,2019
4,Jimmy Garoppolo(SF - QB),Thunder Horse,2019
5,Mason Crosby(GB - K),Steelers SIX...,2019
6,Brett Maher(Dal - K),Veggie Thunb...,2019
7,Jason Witten(Dal - TE),The Legion O...,2019
8,Eddy Pineiro(Chi - K),Dinero Pineiro,2019
9,Ka'imi Fairbairn(Hou - K),TAEkin it 2 ...,2019
10,Taylor Gabriel(Chi - WR),Two Chips,2019
11,Matt Prater(Det - K),Hagar Billies,2019
12,Geronimo Allison(GB - WR),SaquonDeezNuts,2019
1,Todd Gurley II(LAR - RB),A bunch of J...,2018
2,Le'Veon Bell(NYJ - RB),Ridley Me That,2018
3,David Johnson(Ari - RB),Daniel's Sto...,2018
4,Ezekiel Elliott(Dal - RB),Gronkey Kong,2018
5,Antonio Brown(NE - WR),Cousin's Fam...,2018
6,Alvin Kamara(NO - RB),MR. T's Cereal,2018
7,Saquon Barkley(NYG - RB),Suh Girls On...,2018
8,Kareem Hunt(Cle - RB),Show Me Your...,2018
9,Odell Beckham Jr.(Cle - WR),Thunder Horse,2018
10,Leonard Fournette(Jax - RB),Admiral Ackb...,2018
11,DeAndre Hopkins(Hou - WR),SUCK MY DITKA!!,2018
12,Melvin Gordon III(LAC - RB),Steelers SIX...,2018
1,Dalvin Cook(Min - RB),Steelers SIX...,2018
2,Devonta Freeman(Atl - RB),SUCK MY DITKA!!,2018
3,Christian McCaffrey(Car - RB),Admiral Ackb...,2018
4,Julio Jones(Atl - WR),Thunder Horse,2018
5,Michael Thomas(NO - WR),Show Me Your...,2018
6,Davante Adams(GB - WR),Suh Girls On...,2018
7,Keenan Allen(LAC - WR),MR. T's Cereal,2018
8,A.J. Green(Cin - WR),Cousin's Fam...,2018
9,Rob Gronkowski(NE - TE),Gronkey Kong,2018
10,Stefon Diggs(Min - WR),Daniel's Sto...,2018
11,Aaron Rodgers(GB - QB),Ridley Me That,2018
12,Mike Evans(TB - WR),A bunch of J...,2018
1,Tom Brady(NE - QB),A bunch of J...,2018
2,Travis Kelce(KC - TE),Ridley Me That,2018
3,T.Y. Hilton(Ind - WR),Daniel's Sto...,2018
4,Tyreek Hill(KC - WR),Gronkey Kong,2018
5,Jordan Howard(Phi - RB),Cousin's Fam...,2018
6,Royce Freeman(Den - RB),MR. T's Cereal,2018
7,Adam Thielen(Min - WR),Suh Girls On...,2018
8,Jerick McKinnon(SF - RB),Show Me Your...,2018
9,Joe Mixon(Cin - RB),Thunder Horse,2018
10,Larry Fitzgerald(Ari - WR),Admiral Ackb...,2018
11,JuJu Smith-Schuster(Pit - WR),SUCK MY DITKA!!,2018
12,Jimmy Graham(GB - TE),Steelers SIX...,2018
1,Doug Baldwin(Sea - WR),Steelers SIX...,2018
2,Russell Wilson(Sea - QB),SUCK MY DITKA!!,2018
3,Zach Ertz(Phi - TE),Admiral Ackb...,2018
4,Kenyan Drake(Ari - RB),Thunder Horse,2018
5,Deshaun Watson(Hou - QB),Show Me Your...,2018
6,LeSean McCoy(KC - RB),Suh Girls On...,2018
7,Amari Cooper(Dal - WR),MR. T's Cereal,2018
8,Lamar Miller(Hou - RB),Cousin's Fam...,2018
9,Alex Collins(Bal - RB),Gronkey Kong,2018
10,Jay Ajayi(Phi - RB),Daniel's Sto...,2018
11,Derrick Henry(Ten - RB),Ridley Me That,2018
12,Demaryius Thomas(NYJ - WR),A bunch of J...,2018
1,Greg Olsen(Car - TE),A bunch of J...,2018
2,Robert Woods(LAR - WR),Ridley Me That,2018
3,Josh Gordon(Sea - WR),Daniel's Sto...,2018
4,Jarvis Landry(Cle - WR),Gronkey Kong,2018
5,Golden Tate(NYG - WR),Cousin's Fam...,2018
6,Allen Robinson II(Chi - WR),MR. T's Cereal,2018
7,Chris Hogan(Car - WR),Suh Girls On...,2018
8,Brandin Cooks(LAR - WR),Show Me Your...,2018
9,Marvin Jones Jr.(Det - WR),Thunder Horse,2018
10,Alshon Jeffery(Phi - WR),Admiral Ackb...,2018
11,Corey Davis(Ten - WR),SUCK MY DITKA!!,2018
12,Emmanuel Sanders(SF - WR),Steelers SIX...,2018
1,Cam Newton(Car - QB),Steelers SIX...,2018
2,Trey Burton(Chi - TE),SUCK MY DITKA!!,2018
3,Marquise Goodwin(SF - WR),Admiral Ackb...,2018
4,Drew Brees(NO - QB),Thunder Horse,2018
5,Evan Engram(NYG - TE),Show Me Your...,2018
6,Matthew Stafford(Det - QB),Suh Girls On...,2018
7,Kyle Rudolph(Min - TE),MR. T's Cereal,2018
8,Kirk Cousins(Min - QB),Cousin's Fam...,2018
9,Will Fuller V(Hou - WR),Gronkey Kong,2018
10,Carson Wentz(Phi - QB),Daniel's Sto...,2018
11,Devin Funchess(Ind - WR),Ridley Me That,2018
12,Nelson Agholor(Phi - WR),A bunch of J...,2018
1,Brandon Marshall(NO - WR),A bunch of J...,2018
2,Stephen Gostkowski(NE - K),Ridley Me That,2018
3,Michael Crabtree(Ari - WR),Daniel's Sto...,2018
4,Robby Anderson(NYJ - WR),Gronkey Kong,2018
5,Mark Ingram II(Bal - RB),Cousin's Fam...,2018
6,Philip Rivers(LAC - QB),MR. T's Cereal,2018
7,Chris Carson(Sea - RB),Suh Girls On...,2018
8,Jamison Crowder(NYJ - WR),Show Me Your...,2018
9,Delanie Walker(Ten - TE),Thunder Horse,2018
10,Jimmy Garoppolo(SF - QB),Admiral Ackb...,2018
11,Marshawn Lynch(Sea - RB),SUCK MY DITKA!!,2018
12,Julian Edelman(NE - WR),Steelers SIX...,2018
1,Carlos Hyde(Hou - RB),Steelers SIX...,2018
2,Ronald Jones II(TB - RB),SUCK MY DITKA!!,2018
3,Kerryon Johnson(Det - RB),Admiral Ackb...,2018
4,Dion Lewis(Ten - RB),Thunder Horse,2018
5,Jacksonville(Jax - DEF),Show Me Your...,2018
6,Jordan Reed(Was - TE),Suh Girls On...,2018
7,Tarik Cohen(Chi - RB),MR. T's Cereal,2018
8,Los Angeles(LAR - DEF),Cousin's Fam...,2018
9,Ben Roethlisberger(Pit - QB),Gronkey Kong,2018
10,George Kittle(SF - TE),Daniel's Sto...,2018
11,Minnesota(Min - DEF),Ridley Me That,2018
12,Tevin Coleman(SF - RB),A bunch of J...,2018
1,Philadelphia(Phi - DEF),A bunch of J...,2018
2,Sterling Shepard(NYG - WR),Ridley Me That,2018
3,Jamaal Williams(GB - RB),Daniel's Sto...,2018
4,Sammy Watkins(KC - WR),Gronkey Kong,2018
5,David Njoku(Cle - TE),Cousin's Fam...,2018
6,Dede Westbrook(Jax - WR),MR. T's Cereal,2018
7,Kenny Golladay(Det - WR),Suh Girls On...,2018
8,Cooper Kupp(LAR - WR),Show Me Your...,2018
9,Pierre Garcon(SF - WR),Thunder Horse,2018
10,Kenny Stills(Hou - WR),Admiral Ackb...,2018
11,Marcus Mariota(Ten - QB),SUCK MY DITKA!!,2018
12,Randall Cobb(Dal - WR),Steelers SIX...,2018
1,Houston(Hou - DEF),Steelers SIX...,2018
2,Isaiah Crowell(Oak - RB),SUCK MY DITKA!!,2018
3,Keelan Cole(Jax - WR),Admiral Ackb...,2018
4,Denver(Den - DEF),Thunder Horse,2018
5,Rashaad Penny(Sea - RB),Show Me Your...,2018
6,Justin Tucker(Bal - K),Suh Girls On...,2018
7,Cameron Meredith(NE - WR),MR. T's Cereal,2018
8,Matt Ryan(Atl - QB),Cousin's Fam...,2018
9,Los Angeles(LAC - DEF),Gronkey Kong,2018
10,Rex Burkhead(NE - RB),Daniel's Sto...,2018
11,Jared Goff(LAR - QB),Ridley Me That,2018
12,Adrian Peterson(Was - RB),A bunch of J...,2018
1,Greg Zuerlein(LAR - K),A bunch of J...,2018
2,Aaron Jones(GB - RB),Ridley Me That,2018
3,Jordy Nelson(Oak - WR),Daniel's Sto...,2018
4,Peyton Barber(TB - RB),Gronkey Kong,2018
5,Sony Michel(NE - RB),Cousin's Fam...,2018
6,Chicago(Chi - DEF),MR. T's Cereal,2018
7,Josh Doctson(Min - WR),Suh Girls On...,2018
8,Kelvin Benjamin(KC - WR),Show Me Your...,2018
9,Mike Williams(LAC - WR),Thunder Horse,2018
10,Mohamed Sanu(NE - WR),Admiral Ackb...,2018
11,New Orleans(NO - DEF),SUCK MY DITKA!!,2018
12,Andrew Luck(Ind - QB),Steelers SIX...,2018
1,DeSean Jackson(Phi - WR),Steelers SIX...,2018
2,Wil Lutz(NO - K),SUCK MY DITKA!!,2018
3,Pittsburgh(Pit - DEF),Admiral Ackb...,2018
4,Patrick Mahomes(KC - QB),Thunder Horse,2018
5,Matt Bryant(Atl - K),Show Me Your...,2018
6,Baltimore(Bal - DEF),Suh Girls On...,2018
7,Mitchell Trubisky(Chi - QB),MR. T's Cereal,2018
8,Matt Prater(Det - K),Cousin's Fam...,2018
9,Anthony Miller(Chi - WR),Gronkey Kong,2018
10,Chris Thompson(Was - RB),Daniel's Sto...,2018
11,Donte Moncrief(Car - WR),Ridley Me That,2018
12,Dak Prescott(Dal - QB),A bunch of J...,2018
1,Nick Chubb(Cle - RB),A bunch of J...,2018
2,Duke Johnson(Hou - RB),Ridley Me That,2018
3,Harrison Butker(KC - K),Daniel's Sto...,2018
4,Mason Crosby(GB - K),Gronkey Kong,2018
5,Chris Godwin(TB - WR),Cousin's Fam...,2018
6,Dan Bailey(Min - K),MR. T's Cereal,2018
7,Tyler Lockett(Sea - WR),Suh Girls On...,2018
8,Marlon Mack(Ind - RB),Show Me Your...,2018
9,Robbie Gould(SF - K),Thunder Horse,2018
10,Daniel Carlson(Oak - K),Admiral Ackb...,2018
11,Calvin Ridley(Atl - WR),SUCK MY DITKA!!,2018
12,Chris Boswell(Pit - K),Steelers SIX...,2018
1,Jack Doyle(Ind - TE),Steelers SIX...,2018
2,DeVante Parker(Mia - WR),SUCK MY DITKA!!,2018
3,Allen Hurns(Mia - WR),Admiral Ackb...,2018
4,O.J. Howard(TB - TE),Thunder Horse,2018
5,Alex Smith(Was - QB),Show Me Your...,2018
6,C.J. Anderson(Det - RB),Suh Girls On...,2018
7,Tyler Eifert(Cin - TE),MR. T's Cereal,2018
8,Danny Amendola(Det - WR),Cousin's Fam...,2018
9,Bilal Powell(NYJ - RB),Gronkey Kong,2018
10,Detroit(Det - DEF),Daniel's Sto...,2018
11,Derek Carr(Oak - QB),Ridley Me That,2018
12,Cameron Brate(TB - TE),A bunch of J...,2018
1,David Johnson(Ari - RB),The Cucumber...,2017
2,Le'Veon Bell(NYJ - RB),SUCK MY DITKA!,2017
3,Antonio Brown(NE - WR),Thunder Horse,2017
4,Julio Jones(Atl - WR),Admiral Ackb...,2017
5,Mike Evans(TB - WR),Cheap Vodka,2017
6,Odell Beckham Jr.(Cle - WR),He Hate Me,2017
7,LeSean McCoy(KC - RB),Show Me Your...,2017
8,Jordy Nelson(Oak - WR),Ginger Kids,2017
9,A.J. Green(Cin - WR),Steelers SIX...,2017
10,Jay Ajayi(Phi - RB),Team Carrizard,2017
11,Aaron Rodgers(GB - QB),Mr. Thiel Yo...,2017
12,Devonta Freeman(Atl - RB),The Dakstree...,2017
1,Melvin Gordon III(LAC - RB),The Dakstree...,2017
2,Todd Gurley II(LAR - RB),Mr. Thiel Yo...,2017
3,DeMarco Murray(Ten - RB),Team Carrizard,2017
4,Jordan Howard(Phi - RB),Steelers SIX...,2017
5,Michael Thomas(NO - WR),Ginger Kids,2017
6,Doug Baldwin(Sea - WR),Show Me Your...,2017
7,Dez Bryant(NO - WR),He Hate Me,2017
8,Leonard Fournette(Jax - RB),Cheap Vodka,2017
9,Brandin Cooks(LAR - WR),Admiral Ackb...,2017
10,Isaiah Crowell(Oak - RB),Thunder Horse,2017
11,Ezekiel Elliott(Dal - RB),SUCK MY DITKA!,2017
12,T.Y. Hilton(Ind - WR),The Cucumber...,2017
1,Tom Brady(NE - QB),The Cucumber...,2017
2,Amari Cooper(Dal - WR),SUCK MY DITKA!,2017
3,Lamar Miller(Hou - RB),Thunder Horse,2017
4,Christian McCaffrey(Car - RB),Admiral Ackb...,2017
5,Carlos Hyde(Hou - RB),Cheap Vodka,2017
6,Terrelle Pryor Sr.(Jax - WR),He Hate Me,2017
7,Drew Brees(NO - QB),Show Me Your...,2017
8,Marshawn Lynch(Sea - RB),Ginger Kids,2017
9,Ty Montgomery(NYJ - RB),Steelers SIX...,2017
10,Alshon Jeffery(Phi - WR),Team Carrizard,2017
11,Rob Gronkowski(NE - TE),Mr. Thiel Yo...,2017
12,Keenan Allen(LAC - WR),The Dakstree...,2017
1,Tyreek Hill(KC - WR),The Dakstree...,2017
2,Justin Tucker(Bal - K),Mr. Thiel Yo...,2017
3,Travis Kelce(KC - TE),Team Carrizard,2017
4,Matt Ryan(Atl - QB),Steelers SIX...,2017
5,DeAndre Hopkins(Hou - WR),Ginger Kids,2017
6,Demaryius Thomas(NYJ - WR),Show Me Your...,2017
7,Dalvin Cook(Min - RB),He Hate Me,2017
8,Kelvin Benjamin(KC - WR),Cheap Vodka,2017
9,Joe Mixon(Cin - RB),Admiral Ackb...,2017
10,Allen Robinson II(Chi - WR),Thunder Horse,2017
11,Greg Olsen(Car - TE),SUCK MY DITKA!,2017
12,Davante Adams(GB - WR),The Cucumber...,2017
1,Michael Crabtree(Ari - WR),The Cucumber...,2017
2,Larry Fitzgerald(Ari - WR),SUCK MY DITKA!,2017
3,Russell Wilson(Sea - QB),Thunder Horse,2017
4,Sammy Watkins(KC - WR),Admiral Ackb...,2017
5,Jameis Winston(TB - QB),Cheap Vodka,2017
6,C.J. Anderson(Det - RB),He Hate Me,2017
7,Martavis Bryant(Oak - WR),Show Me Your...,2017
8,Kareem Hunt(Cle - RB),Ginger Kids,2017
9,Jarvis Landry(Cle - WR),Steelers SIX...,2017
10,Eric Decker(NE - WR),Team Carrizard,2017
11,Emmanuel Sanders(SF - WR),Mr. Thiel Yo...,2017
12,Jimmy Graham(GB - TE),The Dakstree...,2017
1,Jamison Crowder(NYJ - WR),The Dakstree...,2017
2,Eddie Lacy(Sea - RB),Mr. Thiel Yo...,2017
3,Brandon Marshall(NO - WR),Team Carrizard,2017
4,Kyle Rudolph(Min - TE),Steelers SIX...,2017
5,Kirk Cousins(Min - QB),Ginger Kids,2017
6,Mike Gillislee(NO - RB),Show Me Your...,2017
7,Marcus Mariota(Ten - QB),He Hate Me,2017
8,DeVante Parker(Mia - WR),Cheap Vodka,2017
9,Ameer Abdullah(Min - RB),Admiral Ackb...,2017
10,Jordan Reed(Was - TE),Thunder Horse,2017
11,Cam Newton(Car - QB),SUCK MY DITKA!,2017
12,Tyler Eifert(Cin - TE),The Cucumber...,2017
1,Matt Forte(NYJ - RB),The Cucumber...,2017
2,Cameron Meredith(NE - WR),SUCK MY DITKA!,2017
3,Golden Tate(NYG - WR),Thunder Horse,2017
4,Ben Roethlisberger(Pit - QB),Admiral Ackb...,2017
5,Delanie Walker(Ten - TE),Cheap Vodka,2017
6,Zach Ertz(Phi - TE),He Hate Me,2017
7,Martellus Bennett(NE - TE),Show Me Your...,2017
8,Frank Gore(Buf - RB),Ginger Kids,2017
9,Jeremy Maclin(Bal - WR),Steelers SIX...,2017
10,Derek Carr(Oak - QB),Team Carrizard,2017
11,Randall Cobb(Dal - WR),Mr. Thiel Yo...,2017
12,Dak Prescott(Dal - QB),The Dakstree...,2017
1,DeSean Jackson(Phi - WR),The Dakstree...,2017
2,Adrian Peterson(Was - RB),Mr. Thiel Yo...,2017
3,New England(NE - DEF),Team Carrizard,2017
4,Darren McFadden(Dal - RB),Steelers SIX...,2017
5,Pierre Garcon(SF - WR),Ginger Kids,2017
6,Kansas City(KC - DEF),Show Me Your...,2017
7,Tevin Coleman(SF - RB),He Hate Me,2017
8,Tyrell Williams(Oak - WR),Cheap Vodka,2017
9,Eric Ebron(Ind - TE),Admiral Ackb...,2017
10,Stefon Diggs(Min - WR),Thunder Horse,2017
11,Mark Ingram II(Bal - RB),SUCK MY DITKA!,2017
12,Marvin Jones Jr.(Det - WR),The Cucumber...,2017
1,Willie Snead IV(Bal - WR),The Cucumber...,2017
2,Corey Davis(Ten - WR),SUCK MY DITKA!,2017
3,Denver(Den - DEF),Thunder Horse,2017
4,Seattle(Sea - DEF),Admiral Ackb...,2017
5,Jonathan Stewart(Car - RB),Cheap Vodka,2017
6,LeGarrette Blount(Det - RB),He Hate Me,2017
7,Paul Perkins(Bal - RB),Show Me Your...,2017
8,Bilal Powell(NYJ - RB),Ginger Kids,2017
9,Houston(Hou - DEF),Steelers SIX...,2017
10,Chris Hogan(Car - WR),Team Carrizard,2017
11,New York(NYG - DEF),Mr. Thiel Yo...,2017
12,Jordan Matthews(SF - WR),The Dakstree...,2017
1,Latavius Murray(NO - RB),The Dakstree...,2017
2,Adam Thielen(Min - WR),Mr. Thiel Yo...,2017
3,Doug Martin(Oak - RB),Team Carrizard,2017
4,Philip Rivers(LAC - QB),Steelers SIX...,2017
5,Jack Doyle(Ind - TE),Ginger Kids,2017
6,Donte Moncrief(Car - WR),Show Me Your...,2017
7,Rishard Matthews(NO - WR),He Hate Me,2017
8,Corey Coleman(NYG - WR),Cheap Vodka,2017
9,Andrew Luck(Ind - QB),Admiral Ackb...,2017
10,Rob Kelley(NO - RB),Thunder Horse,2017
11,Samaje Perine(Mia - RB),SUCK MY DITKA!,2017
12,Arizona(Ari - DEF),The Cucumber...,2017
1,Mason Crosby(GB - K),The Cucumber...,2017
2,Taylor Gabriel(Chi - WR),SUCK MY DITKA!,2017
3,Matthew Stafford(Det - QB),Thunder Horse,2017
4,Terrance West(NO - RB),Admiral Ackb...,2017
5,Los Angeles(LAR - DEF),Cheap Vodka,2017
6,Minnesota(Min - DEF),He Hate Me,2017
7,Kenny Britt(NE - WR),Show Me Your...,2017
8,Devin Funchess(Ind - WR),Ginger Kids,2017
9,Tyler Lockett(Sea - WR),Steelers SIX...,2017
10,Marqise Lee(Jax - WR),Team Carrizard,2017
11,Julian Edelman(NE - WR),Mr. Thiel Yo...,2017
12,Carolina(Car - DEF),The Dakstree...,2017
1,Mike Wallace(Phi - WR),The Dakstree...,2017
2,Duke Johnson(Hou - RB),Mr. Thiel Yo...,2017
3,Kenny Stills(Hou - WR),Team Carrizard,2017
4,Sterling Shepard(NYG - WR),Steelers SIX...,2017
5,Tyrod Taylor(LAC - QB),Ginger Kids,2017
6,Stephen Gostkowski(NE - K),Show Me Your...,2017
7,Dan Bailey(Min - K),He Hate Me,2017
8,Eli Manning(NYG - QB),Cheap Vodka,2017
9,Thomas Rawls(Jax - RB),Admiral Ackb...,2017
10,Matt Bryant(Atl - K),Thunder Horse,2017
11,Andy Dalton(Cin - QB),SUCK MY DITKA!,2017
12,John Brown(Buf - WR),The Cucumber...,2017
1,Carson Palmer(Ari - QB),The Cucumber...,2017
2,Chris Boswell(Pit - K),SUCK MY DITKA!,2017
3,Hunter Henry(LAC - TE),Thunder Horse,2017
4,Jason Witten(Dal - TE),Admiral Ackb...,2017
5,Danny Amendola(Det - WR),Cheap Vodka,2017
6,Carson Wentz(Phi - QB),He Hate Me,2017
7,Spencer Ware(KC - RB),Show Me Your...,2017
8,Adam Vinatieri(Ind - K),Ginger Kids,2017
9,Sebastian Janikowski(Sea - K),Steelers SIX...,2017
10,Stephen Hauschka(Buf - K),Team Carrizard,2017
11,Ted Ginn Jr.(NO - WR),Mr. Thiel Yo...,2017
12,Matt Prater(Det - K),The Dakstree...,2017
1,Deshaun Watson(Hou - QB),The Dakstree...,2017
2,Trevor Siemian(NYJ - QB),Mr. Thiel Yo...,2017
3,Jay Cutler(Mia - QB),Team Carrizard,2017
4,Malcolm Mitchell(NE - WR),Steelers SIX...,2017
5,Jacksonville(Jax - DEF),Ginger Kids,2017
6,Alex Smith(Was - QB),Show Me Your...,2017
7,Zay Jones(Oak - WR),He Hate Me,2017
8,Blair Walsh(Atl - K),Cheap Vodka,2017
9,Brandon McManus(Den - K),Admiral Ackb...,2017
10,Nelson Agholor(Phi - WR),Thunder Horse,2017
11,Atlanta(Atl - DEF),SUCK MY DITKA!,2017
12,Dion Lewis(Ten - RB),The Cucumber...,2017
1,Antonio Brown(NE - WR),Cheap Vodka,2016
2,Adrian Peterson(Was - RB),Thunder Horse,2016
3,Todd Gurley II(LAR - RB),Wilfork on 1...,2016
4,Odell Beckham Jr.(Cle - WR),Ginger Kids,2016
5,David Johnson(Ari - RB),SUCK MY DITKA,2016
6,Ezekiel Elliott(Dal - RB),Team Zekeachu,2016
7,Julio Jones(Atl - WR),Admiral Ackb...,2016
8,Rob Gronkowski(NE - TE),Fuck Gronks ...,2016
9,Lamar Miller(Hou - RB),Jordy oz. to...,2016
10,DeAndre Hopkins(Hou - WR),Show Me Your...,2016
11,A.J. Green(Cin - WR),Steelers SIX...,2016
12,Le'Veon Bell(NYJ - RB),Bell's Potslam,2016
1,Allen Robinson II(Chi - WR),Bell's Potslam,2016
2,Doug Martin(Oak - RB),Steelers SIX...,2016
3,Brandon Marshall(NO - WR),Show Me Your...,2016
4,Aaron Rodgers(GB - QB),Jordy oz. to...,2016
5,Cam Newton(Car - QB),Fuck Gronks ...,2016
6,Dez Bryant(NO - WR),Admiral Ackb...,2016
7,Devonta Freeman(Atl - RB),Team Zekeachu,2016
8,Alshon Jeffery(Phi - WR),SUCK MY DITKA,2016
9,Eddie Lacy(Sea - RB),Ginger Kids,2016
10,Keenan Allen(LAC - WR),Wilfork on 1...,2016
11,Sammy Watkins(KC - WR),Thunder Horse,2016
12,LeSean McCoy(KC - RB),Cheap Vodka,2016
1,Mike Evans(TB - WR),Cheap Vodka,2016
2,T.Y. Hilton(Ind - WR),Thunder Horse,2016
3,Amari Cooper(Dal - WR),Wilfork on 1...,2016
4,Mark Ingram II(Bal - RB),Ginger Kids,2016
5,Drew Brees(NO - QB),SUCK MY DITKA,2016
6,Jordy Nelson(Oak - WR),Team Zekeachu,2016
7,Russell Wilson(Sea - QB),Admiral Ackb...,2016
8,Jamaal Charles(KC - RB),Fuck Gronks ...,2016
9,Demaryius Thomas(NYJ - WR),Jordy oz. to...,2016
10,C.J. Anderson(Det - RB),Show Me Your...,2016
11,Brandin Cooks(LAR - WR),Steelers SIX...,2016
12,Tom Brady(NE - QB),Bell's Potslam,2016
1,Jeremy Langford(Atl - RB),Bell's Potslam,2016
2,Ben Roethlisberger(Pit - QB),Steelers SIX...,2016
3,Andrew Luck(Ind - QB),Show Me Your...,2016
4,Matt Forte(NYJ - RB),Jordy oz. to...,2016
5,Eric Decker(NE - WR),Fuck Gronks ...,2016
6,Larry Fitzgerald(Ari - WR),Admiral Ackb...,2016
7,Jarvis Landry(Cle - WR),Team Zekeachu,2016
8,Latavius Murray(NO - RB),SUCK MY DITKA,2016
9,Donte Moncrief(Car - WR),Ginger Kids,2016
10,Carson Palmer(Ari - QB),Wilfork on 1...,2016
11,Philip Rivers(LAC - QB),Thunder Horse,2016
12,DeMarco Murray(Ten - RB),Cheap Vodka,2016
1,Doug Baldwin(Sea - WR),Cheap Vodka,2016
2,Melvin Gordon III(LAC - RB),Thunder Horse,2016
3,Kelvin Benjamin(KC - WR),Wilfork on 1...,2016
4,Jeremy Maclin(Bal - WR),Ginger Kids,2016
5,Julian Edelman(NE - WR),SUCK MY DITKA,2016
6,Tavon Austin(Dal - WR),Team Zekeachu,2016
7,Giovani Bernard(Cin - RB),Admiral Ackb...,2016
8,Randall Cobb(Dal - WR),Fuck Gronks ...,2016
9,Jordan Reed(Was - TE),Jordy oz. to...,2016
10,Thomas Rawls(Jax - RB),Show Me Your...,2016
11,Golden Tate(NYG - WR),Steelers SIX...,2016
12,Jeremy Hill(NE - RB),Bell's Potslam,2016
1,John Brown(Buf - WR),Bell's Potslam,2016
2,Jonathan Stewart(Car - RB),Steelers SIX...,2016
3,Greg Olsen(Car - TE),Show Me Your...,2016
4,Michael Floyd(Bal - WR),Jordy oz. to...,2016
5,Carlos Hyde(Hou - RB),Fuck Gronks ...,2016
6,DeAngelo Williams(Pit - RB),Admiral Ackb...,2016
7,Travis Kelce(KC - TE),Team Zekeachu,2016
8,Coby Fleener(NO - TE),SUCK MY DITKA,2016
9,Eli Manning(NYG - QB),Ginger Kids,2016
10,Ryan Mathews(Phi - RB),Wilfork on 1...,2016
11,Marvin Jones Jr.(Det - WR),Thunder Horse,2016
12,Blake Bortles(LAR - QB),Cheap Vodka,2016
1,Jared Cook(NO - TE),Cheap Vodka,2016
2,Antonio Gates(LAC - TE),Thunder Horse,2016
3,Delanie Walker(Ten - TE),Wilfork on 1...,2016
4,Gary Barnidge(Cle - TE),Ginger Kids,2016
5,Stephen Gostkowski(NE - K),SUCK MY DITKA,2016
6,Matthew Stafford(Det - QB),Team Zekeachu,2016
7,Julius Thomas(Mia - TE),Admiral Ackb...,2016
8,Allen Hurns(Mia - WR),Fuck Gronks ...,2016
9,Frank Gore(Buf - RB),Jordy oz. to...,2016
10,Denver(Den - DEF),Show Me Your...,2016
11,DeSean Jackson(Phi - WR),Steelers SIX...,2016
12,Josh Gordon(Sea - WR),Bell's Potslam,2016
1,Jameis Winston(TB - QB),Bell's Potslam,2016
2,Emmanuel Sanders(SF - WR),Steelers SIX...,2016
3,Jordan Matthews(SF - WR),Show Me Your...,2016
4,Seattle(Sea - DEF),Jordy oz. to...,2016
5,Tyler Lockett(Sea - WR),Fuck Gronks ...,2016
6,Derrick Henry(Ten - RB),Admiral Ackb...,2016
7,Michael Crabtree(Ari - WR),Team Zekeachu,2016
8,Arizona(Ari - DEF),SUCK MY DITKA,2016
9,Danny Woodhead(Bal - RB),Ginger Kids,2016
10,Carolina(Car - DEF),Wilfork on 1...,2016
11,Stefon Diggs(Min - WR),Thunder Horse,2016
12,Kevin White(Ari - WR),Cheap Vodka,2016
1,Chris Ivory(Buf - RB),Cheap Vodka,2016
2,Houston(Hou - DEF),Thunder Horse,2016
3,Markus Wheaton(Phi - WR),Wilfork on 1...,2016
4,Torrey Smith(Car - WR),Ginger Kids,2016
5,Arian Foster(Mia - RB),SUCK MY DITKA,2016
6,Matt Jones(Phi - RB),Team Zekeachu,2016
7,Rashad Jennings(NYG - RB),Admiral Ackb...,2016
8,LeGarrette Blount(Det - RB),Fuck Gronks ...,2016
9,Vincent Jackson(TB - WR),Jordy oz. to...,2016
10,Justin Forsett(Den - RB),Show Me Your...,2016
11,Jason Witten(Dal - TE),Steelers SIX...,2016
12,Tyler Eifert(Cin - TE),Bell's Potslam,2016
1,Los Angeles(LAR - DEF),Bell's Potslam,2016
2,Ameer Abdullah(Min - RB),Steelers SIX...,2016
3,Kirk Cousins(Min - QB),Show Me Your...,2016
4,Willie Snead IV(Bal - WR),Jordy oz. to...,2016
5,Ted Ginn Jr.(NO - WR),Fuck Gronks ...,2016
6,Jimmy Graham(GB - TE),Admiral Ackb...,2016
7,Duke Johnson(Hou - RB),Team Zekeachu,2016
8,Steve Smith Sr.(Bal - WR),SUCK MY DITKA,2016
9,Tyrod Taylor(LAC - QB),Ginger Kids,2016
10,T.J. Yeldon(Buf - RB),Wilfork on 1...,2016
11,Spencer Ware(KC - RB),Thunder Horse,2016
12,Corey Coleman(NYG - WR),Cheap Vodka,2016
1,Jay Cutler(Mia - QB),Cheap Vodka,2016
2,Graham Gano(Car - K),Thunder Horse,2016
3,Matt Ryan(Atl - QB),Wilfork on 1...,2016
4,Kamar Aiken(Phi - WR),Ginger Kids,2016
5,Michael Thomas(NO - WR),SUCK MY DITKA,2016
6,Travis Benjamin(LAC - WR),Team Zekeachu,2016
7,Kansas City(KC - DEF),Admiral Ackb...,2016
8,New England(NE - DEF),Fuck Gronks ...,2016
9,Marcus Mariota(Ten - QB),Jordy oz. to...,2016
10,Sterling Shepard(NYG - WR),Show Me Your...,2016
11,Oakland(Oak - DEF),Steelers SIX...,2016
12,DeVante Parker(Mia - WR),Bell's Potslam,2016
1,Blair Walsh(Atl - K),Bell's Potslam,2016
2,Derek Carr(Oak - QB),Steelers SIX...,2016
3,Stephen Hauschka(Buf - K),Show Me Your...,2016
4,Justin Tucker(Bal - K),Jordy oz. to...,2016
5,Zach Ertz(Phi - TE),Fuck Gronks ...,2016
6,Dan Bailey(Min - K),Admiral Ackb...,2016
7,Rishard Matthews(NO - WR),Team Zekeachu,2016
8,Andy Dalton(Cin - QB),SUCK MY DITKA,2016
9,Charles Sims(TB - RB),Ginger Kids,2016
10,Charles Clay(Ari - TE),Wilfork on 1...,2016
11,Devin Funchess(Ind - WR),Thunder Horse,2016
12,Jordan Cameron(Mia - TE),Cheap Vodka,2016
1,Buffalo(Buf - DEF),Cheap Vodka,2016
2,Ryan Tannehill(Ten - QB),Thunder Horse,2016
3,Mohamed Sanu(NE - WR),Wilfork on 1...,2016
4,Pittsburgh(Pit - DEF),Ginger Kids,2016
5,Isaiah Crowell(Oak - RB),SUCK MY DITKA,2016
6,Chandler Catanzaro(NYJ - K),Team Zekeachu,2016
7,Dak Prescott(Dal - QB),Admiral Ackb...,2016
8,Connor Barth(Chi - K),Fuck Gronks ...,2016
9,Mike Wallace(Phi - WR),Jordy oz. to...,2016
10,Phillip Dorsett II(NE - WR),Show Me Your...,2016
11,Shayne Graham(Atl - K),Steelers SIX...,2016
12,Josh Doctson(Min - WR),Bell's Potslam,2016
1,Darren McFadden(Dal - RB),Bell's Potslam,2016
2,Martellus Bennett(NE - TE),Steelers SIX...,2016
3,Javorius Allen(NYG - RB),Show Me Your...,2016
4,Bilal Powell(NYJ - RB),Jordy oz. to...,2016
5,Joe Flacco(Den - QB),Fuck Gronks ...,2016
6,Tajae Sharpe(Ten - WR),Admiral Ackb...,2016
7,Cincinnati(Cin - DEF),Team Zekeachu,2016
8,Will Fuller V(Hou - WR),SUCK MY DITKA,2016
9,Chris Boswell(Pit - K),Ginger Kids,2016
10,Robbie Gould(SF - K),Wilfork on 1...,2016
11,Kyle Rudolph(Min - TE),Thunder Horse,2016
12,Cairo Santos(Ten - K),Cheap Vodka,2016
1,Andrew Luck(Ind - QB),The Derek Carrs,2015
2,Marshawn Lynch(Sea - RB),SUCK MY DITKA,2015
3,Jamaal Charles(KC - RB),Ginger Kids,2015
4,Adrian Peterson(Was - RB),Circle Joique,2015
5,Eddie Lacy(Sea - RB),Admiral Ackb...,2015
6,Rob Gronkowski(NE - TE),Cheap Vodka,2015
7,Aaron Rodgers(GB - QB),Slob on my Cobb,2015
8,Le'Veon Bell(NYJ - RB),The Bell Staff,2015
9,Russell Wilson(Sea - QB),WhamBamThank...,2015
10,Antonio Brown(NE - WR),Show Me Your...,2015
1,Calvin Johnson(Det - WR),Show Me Your...,2015
2,DeMarco Murray(Ten - RB),WhamBamThank...,2015
3,Dez Bryant(NO - WR),The Bell Staff,2015
4,Julio Jones(Atl - WR),Slob on my Cobb,2015
5,Matt Forte(NYJ - RB),Cheap Vodka,2015
6,A.J. Green(Cin - WR),Admiral Ackb...,2015
7,Odell Beckham Jr.(Cle - WR),Circle Joique,2015
8,Demaryius Thomas(NYJ - WR),Ginger Kids,2015
9,Jeremy Hill(NE - RB),SUCK MY DITKA,2015
10,T.Y. Hilton(Ind - WR),The Derek Carrs,2015
1,Jimmy Graham(GB - TE),The Derek Carrs,2015
2,Alshon Jeffery(Phi - WR),SUCK MY DITKA,2015
3,C.J. Anderson(Det - RB),Ginger Kids,2015
4,Justin Forsett(Den - RB),Circle Joique,2015
5,Peyton Manning(Den - QB),Admiral Ackb...,2015
6,Andre Johnson(Hou - WR),Cheap Vodka,2015
7,LeSean McCoy(KC - RB),Slob on my Cobb,2015
8,Alfred Morris(Ari - RB),The Bell Staff,2015
9,Mike Evans(TB - WR),WhamBamThank...,2015
10,Drew Brees(NO - QB),Show Me Your...,2015
1,Latavius Murray(NO - RB),Show Me Your...,2015
2,Jason Witten(Dal - TE),WhamBamThank...,2015
3,Matthew Stafford(Det - QB),The Bell Staff,2015
4,Randall Cobb(Dal - WR),Slob on my Cobb,2015
5,Frank Gore(Buf - RB),Cheap Vodka,2015
6,Amari Cooper(Dal - WR),Admiral Ackb...,2015
7,Jordan Matthews(SF - WR),Circle Joique,2015
8,DeAndre Hopkins(Hou - WR),Ginger Kids,2015
9,Brandin Cooks(LAR - WR),SUCK MY DITKA,2015
10,Melvin Gordon III(LAC - RB),The Derek Carrs,2015
1,DeSean Jackson(Phi - WR),The Derek Carrs,2015
2,Greg Olsen(Car - TE),SUCK MY DITKA,2015
3,Emmanuel Sanders(SF - WR),Ginger Kids,2015
4,Davante Adams(GB - WR),Circle Joique,2015
5,Joseph Randle(Dal - RB),Admiral Ackb...,2015
6,Ben Roethlisberger(Pit - QB),Cheap Vodka,2015
7,Lamar Miller(Hou - RB),Slob on my Cobb,2015
8,Golden Tate(NYG - WR),The Bell Staff,2015
9,Sammy Watkins(KC - WR),WhamBamThank...,2015
10,Mark Ingram II(Bal - RB),Show Me Your...,2015
1,Travis Kelce(KC - TE),Show Me Your...,2015
2,LeGarrette Blount(Det - RB),WhamBamThank...,2015
3,Larry Fitzgerald(Ari - WR),The Bell Staff,2015
4,Martellus Bennett(NE - TE),Slob on my Cobb,2015
5,Brandon Marshall(NO - WR),Cheap Vodka,2015
6,Vincent Jackson(TB - WR),Admiral Ackb...,2015
7,Matt Ryan(Atl - QB),Circle Joique,2015
8,Tony Romo(Dal - QB),Ginger Kids,2015
9,Tom Brady(NE - QB),SUCK MY DITKA,2015
10,Ameer Abdullah(Min - RB),The Derek Carrs,2015
1,Mike Wallace(Phi - WR),The Derek Carrs,2015
2,Julian Edelman(NE - WR),SUCK MY DITKA,2015
3,Jordan Cameron(Mia - TE),Ginger Kids,2015
4,Delanie Walker(Ten - TE),Circle Joique,2015
5,Tyler Eifert(Cin - TE),Admiral Ackb...,2015
6,Keenan Allen(LAC - WR),Cheap Vodka,2015
7,Jeremy Maclin(Bal - WR),Slob on my Cobb,2015
8,Vernon Davis(Was - TE),The Bell Staff,2015
9,Steve Smith Sr.(Bal - WR),WhamBamThank...,2015
10,Seattle(Sea - DEF),Show Me Your...,2015
1,Anquan Boldin(Buf - WR),Show Me Your...,2015
2,Eric Decker(NE - WR),WhamBamThank...,2015
3,Buffalo(Buf - DEF),The Bell Staff,2015
4,Stephen Gostkowski(NE - K),Slob on my Cobb,2015
5,Houston(Hou - DEF),Cheap Vodka,2015
6,T.J. Yeldon(Buf - RB),Admiral Ackb...,2015
7,Philadelphia(Phi - DEF),Circle Joique,2015
8,Los Angeles(LAR - DEF),Ginger Kids,2015
9,Carlos Hyde(Hou - RB),SUCK MY DITKA,2015
10,Doug Martin(Oak - RB),The Derek Carrs,2015
1,Adam Vinatieri(Ind - K),The Derek Carrs,2015
2,Jarvis Landry(Cle - WR),SUCK MY DITKA,2015
3,Dan Carpenter(Buf - K),Ginger Kids,2015
4,Dan Bailey(Min - K),Circle Joique,2015
5,Todd Gurley II(LAR - RB),Admiral Ackb...,2015
6,Stephen Hauschka(Buf - K),Cheap Vodka,2015
7,New England(NE - DEF),Slob on my Cobb,2015
8,Joique Bell(Det - RB),The Bell Staff,2015
9,Mason Crosby(GB - K),WhamBamThank...,2015
10,Andre Ellington(TB - RB),Show Me Your...,2015
1,Matt Prater(Det - K),Show Me Your...,2015
2,Cam Newton(Car - QB),WhamBamThank...,2015
3,Roddy White(Atl - WR),The Bell Staff,2015
4,Eli Manning(NYG - QB),Slob on my Cobb,2015
5,Jonathan Stewart(Car - RB),Cheap Vodka,2015
6,Devin Funchess(Ind - WR),Admiral Ackb...,2015
7,Chris Ivory(Buf - RB),Circle Joique,2015
8,C.J. Spiller(KC - RB),Ginger Kids,2015
9,Ryan Tannehill(Ten - QB),SUCK MY DITKA,2015
10,Pierre Garcon(SF - WR),The Derek Carrs,2015
1,Philip Rivers(LAC - QB),The Derek Carrs,2015
2,Giovani Bernard(Cin - RB),SUCK MY DITKA,2015
3,Allen Robinson II(Chi - WR),Ginger Kids,2015
4,Nelson Agholor(Phi - WR),Circle Joique,2015
5,Kansas City(KC - DEF),Admiral Ackb...,2015
6,John Brown(Buf - WR),Cheap Vodka,2015
7,Arian Foster(Mia - RB),Slob on my Cobb,2015
8,Marcus Mariota(Ten - QB),The Bell Staff,2015
9,Victor Cruz(Chi - WR),WhamBamThank...,2015
10,Sam Bradford(Ari - QB),Show Me Your...,2015
1,Charles Johnson(Phi - WR),Show Me Your...,2015
2,Antonio Gates(LAC - TE),WhamBamThank...,2015
3,Marques Colston(NO - WR),The Bell Staff,2015
4,Torrey Smith(Car - WR),Slob on my Cobb,2015
5,Eddie Royal(Chi - WR),Cheap Vodka,2015
6,Jameis Winston(TB - QB),Admiral Ackb...,2015
7,Martavis Bryant(Oak - WR),Circle Joique,2015
8,Teddy Bridgewater(NO - QB),Ginger Kids,2015
9,Michael Floyd(Bal - WR),SUCK MY DITKA,2015
10,Doug Baldwin(Sea - WR),The Derek Carrs,2015
1,Brian Quick(Was - WR),The Derek Carrs,2015
2,Stevie Johnson(LAC - WR),SUCK MY DITKA,2015
3,Julius Thomas(Mia - TE),Ginger Kids,2015
4,Zach Ertz(Phi - TE),Circle Joique,2015
5,Matt Bryant(Atl - K),Admiral Ackb...,2015
6,Colin Kaepernick(SF - QB),Cheap Vodka,2015
7,Owen Daniels(Den - TE),Slob on my Cobb,2015
8,Justin Tucker(Bal - K),The Bell Staff,2015
9,Shane Vereen(NO - RB),WhamBamThank...,2015
10,Terrance Williams(Dal - WR),Show Me Your...,2015
1,Rashad Jennings(NYG - RB),Show Me Your...,2015
2,Arizona(Ari - DEF),WhamBamThank...,2015
3,Kendall Wright(Ari - WR),The Bell Staff,2015
4,Markus Wheaton(Phi - WR),Slob on my Cobb,2015
5,Kyle Rudolph(Min - TE),Cheap Vodka,2015
6,Bishop Sankey(Min - RB),Admiral Ackb...,2015
7,Carson Palmer(Ari - QB),Circle Joique,2015
8,Brandon LaFell(Oak - WR),Ginger Kids,2015
9,Denver(Den - DEF),SUCK MY DITKA,2015
10,San Francisco(SF - DEF),The Derek Carrs,2015
1,Dwayne Allen(Mia - TE),The Derek Carrs,2015
2,Cody Parkey(Ten - K),SUCK MY DITKA,2015
3,Baltimore(Bal - DEF),Ginger Kids,2015
4,Green Bay(GB - DEF),Circle Joique,2015
5,Fred Jackson(Buf - RB),Admiral Ackb...,2015
6,Nick Folk(NE - K),Cheap Vodka,2015
7,Carolina(Car - DEF),Slob on my Cobb,2015
8,Austin Seferian-Jenkins(NE - TE),The Bell Staff,2015
9,Indianapolis(Ind - DEF),WhamBamThank...,2015
10,Tevin Coleman(SF - RB),Show Me Your...,2015
1,LeSean McCoy(KC - RB),SUCK MY DITKA,2014
2,Jamaal Charles(KC - RB),Cheap Vodka,2014
3,Matt Forte(NYJ - RB),Ginger Kids,2014
4,Adrian Peterson(Was - RB),The Taint Ti...,2014
5,Eddie Lacy(Sea - RB),Teach me how...,2014
6,Calvin Johnson(Det - WR),Admiral Ackb...,2014
7,Demaryius Thomas(NYJ - WR),Coolio Julio...,2014
8,Jimmy Graham(GB - TE),Circle Joique,2014
9,Dez Bryant(NO - WR),Punts with a C,2014
10,Montee Ball(NE - RB),The Strange ...,2014
1,A.J. Green(Cin - WR),The Strange ...,2014
2,Marshawn Lynch(Sea - RB),Punts with a C,2014
3,Brandon Marshall(NO - WR),Circle Joique,2014
4,Julio Jones(Atl - WR),Coolio Julio...,2014
5,DeMarco Murray(Ten - RB),Admiral Ackb...,2014
6,Andre Ellington(TB - RB),Teach me how...,2014
7,Peyton Manning(Den - QB),The Taint Ti...,2014
8,Jordy Nelson(Oak - WR),Ginger Kids,2014
9,Giovani Bernard(Cin - RB),Cheap Vodka,2014
10,Antonio Brown(NE - WR),SUCK MY DITKA,2014
1,Drew Brees(NO - QB),SUCK MY DITKA,2014
2,Aaron Rodgers(GB - QB),Cheap Vodka,2014
3,Doug Martin(Oak - RB),Ginger Kids,2014
4,Alshon Jeffery(Phi - WR),The Taint Ti...,2014
5,Keenan Allen(LAC - WR),Teach me how...,2014
6,Arian Foster(Mia - RB),Admiral Ackb...,2014
7,Alfred Morris(Ari - RB),Coolio Julio...,2014
8,Randall Cobb(Dal - WR),Circle Joique,2014
9,Zac Stacy(NYJ - RB),Punts with a C,2014
10,Roddy White(Atl - WR),The Strange ...,2014
1,Ryan Mathews(Phi - RB),The Strange ...,2014
2,Julius Thomas(Mia - TE),Punts with a C,2014
3,Toby Gerhart(Jax - RB),Circle Joique,2014
4,Rashad Jennings(NYG - RB),Coolio Julio...,2014
5,Vincent Jackson(TB - WR),Admiral Ackb...,2014
6,Victor Cruz(Chi - WR),Teach me how...,2014
7,Le'Veon Bell(NYJ - RB),The Taint Ti...,2014
8,Larry Fitzgerald(Ari - WR),Ginger Kids,2014
9,Andre Johnson(Hou - WR),Cheap Vodka,2014
10,Shane Vereen(NO - RB),SUCK MY DITKA,2014
1,Cordarrelle Patterson(Chi - WR),SUCK MY DITKA,2014
2,Michael Floyd(Bal - WR),Cheap Vodka,2014
3,Percy Harvin(Buf - WR),Ginger Kids,2014
4,Rob Gronkowski(NE - TE),The Taint Ti...,2014
5,Matt Ryan(Atl - QB),Teach me how...,2014
6,Michael Crabtree(Ari - WR),Admiral Ackb...,2014
7,Pierre Garcon(SF - WR),Coolio Julio...,2014
8,C.J. Spiller(KC - RB),Circle Joique,2014
9,DeSean Jackson(Phi - WR),Punts with a C,2014
10,Torrey Smith(Car - WR),The Strange ...,2014
1,Jordan Cameron(Mia - TE),The Strange ...,2014
2,Tom Brady(NE - QB),Punts with a C,2014
3,Matthew Stafford(Det - QB),Circle Joique,2014
4,Vernon Davis(Was - TE),Coolio Julio...,2014
5,Andrew Luck(Ind - QB),Admiral Ackb...,2014
6,Emmanuel Sanders(SF - WR),Teach me how...,2014
7,T.Y. Hilton(Ind - WR),The Taint Ti...,2014
8,Jay Cutler(Mia - QB),Ginger Kids,2014
9,Marques Colston(NO - WR),Cheap Vodka,2014
10,Mike Wallace(Phi - WR),SUCK MY DITKA,2014
1,Kyle Rudolph(Min - TE),SUCK MY DITKA,2014
2,Jason Witten(Dal - TE),Cheap Vodka,2014
3,Greg Olsen(Car - TE),Ginger Kids,2014
4,Jeremy Maclin(Bal - WR),The Taint Ti...,2014
5,Jordan Reed(Was - TE),Teach me how...,2014
6,Zach Ertz(Phi - TE),Admiral Ackb...,2014
7,Cam Newton(Car - QB),Coolio Julio...,2014
8,Eric Decker(NE - WR),Circle Joique,2014
9,Golden Tate(NYG - WR),Punts with a C,2014
10,Nick Foles(Jax - QB),The Strange ...,2014
1,Seattle(Sea - DEF),The Strange ...,2014
2,New England(NE - DEF),Punts with a C,2014
3,San Francisco(SF - DEF),Circle Joique,2014
4,Detroit(Det - DEF),Coolio Julio...,2014
5,Los Angeles(LAR - DEF),Admiral Ackb...,2014
6,Houston(Hou - DEF),Teach me how...,2014
7,Carolina(Car - DEF),The Taint Ti...,2014
8,Kansas City(KC - DEF),Ginger Kids,2014
9,Cincinnati(Cin - DEF),Cheap Vodka,2014
10,Stephen Gostkowski(NE - K),SUCK MY DITKA,2014
1,Arizona(Ari - DEF),SUCK MY DITKA,2014
2,Adam Vinatieri(Ind - K),Cheap Vodka,2014
3,Justin Tucker(Bal - K),Ginger Kids,2014
4,Phil Dawson(Cle - K),The Taint Ti...,2014
5,Stephen Hauschka(Buf - K),Teach me how...,2014
6,Mason Crosby(GB - K),Admiral Ackb...,2014
7,Dan Bailey(Min - K),Coolio Julio...,2014
8,Nick Novak(LAC - K),Circle Joique,2014
9,Dan Carpenter(Buf - K),Punts with a C,2014
10,Jay Feely(Chi - K),The Strange ...,2014
1,Reggie Bush(Buf - RB),The Strange ...,2014
2,Ben Tate(Pit - RB),Punts with a C,2014
3,Joique Bell(Det - RB),Circle Joique,2014
4,Frank Gore(Buf - RB),Coolio Julio...,2014
5,Chris Johnson(Ten - RB),Admiral Ackb...,2014
6,Julian Edelman(NE - WR),Teach me how...,2014
7,Terrance Williams(Dal - WR),The Taint Ti...,2014
8,Tony Romo(Dal - QB),Ginger Kids,2014
9,Bishop Sankey(Min - RB),Cheap Vodka,2014
10,Maurice Jones-Drew(Jax - RB),SUCK MY DITKA,2014
1,Brandin Cooks(LAR - WR),SUCK MY DITKA,2014
2,Robert Griffin III(Bal - QB),Cheap Vodka,2014
3,Ray Rice(Bal - RB),Ginger Kids,2014
4,Pierre Thomas(Was - RB),The Taint Ti...,2014
5,Fred Jackson(Buf - RB),Teach me how...,2014
6,Kendall Wright(Ari - WR),Admiral Ackb...,2014
7,Russell Wilson(Sea - QB),Coolio Julio...,2014
8,Colin Kaepernick(SF - QB),Circle Joique,2014
9,Reggie Wayne(NE - WR),Punts with a C,2014
10,Ben Roethlisberger(Pit - QB),The Strange ...,2014
1,Justin Hunter(Pit - WR),The Strange ...,2014
2,Rueben Randle(Chi - WR),Punts with a C,2014
3,Mike Evans(TB - WR),Circle Joique,2014
4,Sammy Watkins(KC - WR),Coolio Julio...,2014
5,Philip Rivers(LAC - QB),Admiral Ackb...,2014
6,DeAndre Hopkins(Hou - WR),Teach me how...,2014
7,Dennis Pitta(Bal - TE),The Taint Ti...,2014
8,Kelvin Benjamin(KC - WR),Ginger Kids,2014
9,Cecil Shorts III(TB - WR),Cheap Vodka,2014
10,Anquan Boldin(Buf - WR),SUCK MY DITKA,2014
1,Charles Clay(Ari - TE),SUCK MY DITKA,2014
2,Jarrett Boykin(Buf - WR),Cheap Vodka,2014
3,Dwayne Bowe(KC - WR),Ginger Kids,2014
4,Markus Wheaton(Phi - WR),The Taint Ti...,2014
5,Andy Dalton(Cin - QB),Teach me how...,2014
6,Riley Cooper(Phi - WR),Admiral Ackb...,2014
7,Brian Hartline(Cle - WR),Coolio Julio...,2014
8,Wes Welker(LAR - WR),Circle Joique,2014
9,Martellus Bennett(NE - TE),Punts with a C,2014
10,Hakeem Nicks(NO - WR),The Strange ...,2014
1,Heath Miller(Pit - TE),The Strange ...,2014
2,Ryan Tannehill(Ten - QB),Punts with a C,2014
3,Ladarius Green(Pit - TE),Circle Joique,2014
4,Travis Kelce(KC - TE),Coolio Julio...,2014
5,Antonio Gates(LAC - TE),Admiral Ackb...,2014
6,Tyler Eifert(Cin - TE),Teach me how...,2014
7,Carson Palmer(Ari - QB),The Taint Ti...,2014
8,Delanie Walker(Ten - TE),Ginger Kids,2014
9,Garrett Graham(Den - TE),Cheap Vodka,2014
10,Josh McCown(Phi - QB),SUCK MY DITKA,2014
1,Denver(Den - DEF),SUCK MY DITKA,2014
2,Chicago(Chi - DEF),Cheap Vodka,2014
3,Buffalo(Buf - DEF),Ginger Kids,2014
4,Indianapolis(Ind - DEF),The Taint Ti...,2014
5,Blair Walsh(Atl - K),Teach me how...,2014
6,Nick Folk(NE - K),Admiral Ackb...,2014
7,Shaun Suisham(Pit - K),Coolio Julio...,2014
8,Robbie Gould(SF - K),Circle Joique,2014
9,Baltimore(Bal - DEF),Punts with a C,2014
10,Graham Gano(Car - K),The Strange ...,2014