Week,Opponent_Manager_Team,Outcome,Matchup,Matchup,Manager_Team,Year
1,Steelers SIXcess,Win,135.20 - 103.32,135.2,Admiral Ackbar's Ass,2019
2,Show Me Your TD's,Win,122.10 - 89.32,122.1,Admiral Ackbar's Ass,2019
3,Hagar Billies,Loss,103.24 - 118.22,103.24,Admiral Ackbar's Ass,2019
4,The Legion Of Zoom,Win,78.20 - 60.50,78.2,Admiral Ackbar's Ass,2019
5,Two Chips,Win,112.32 - 94.24,112.32,Admiral Ackbar's Ass,2019
6,Thunder Horse,Loss,101.16 - 141.00,101.16,Admiral Ackbar's Ass,2019
7,Dinero Pineiro,Win,83.16 - 69.26,83.16,Admiral Ackbar's Ass,2019
8,TAEkin it 2 da HOUSE,Loss,111.16 - 111.50,111.16,Admiral Ackbar's Ass,2019
9,Veggie Thunbergers,Loss,84.80 - 87.20,84.8,Admiral Ackbar's Ass,2019
10,Dinero Pineiro,Win,114.66 - 74.48,114.66,Admiral Ackbar's Ass,2019
11,SaquonDeezNuts,Win,102.34 - 74.26,102.34,Admiral Ackbar's Ass,2019
12,Da Bear Necessities,Loss,82.70 - 92.36,82.7,Admiral Ackbar's Ass,2019
13,Steelers SIXcess,Win,93.64 - 77.38,93.64,Admiral Ackbar's Ass,2019
1,The Legion Of Zoom,Loss,82.92 - 114.70,82.92,Dinero Pineiro,2019
2,Thunder Horse,Win,84.90 - 84.10,84.9,Dinero Pineiro,2019
3,Show Me Your TD's,Win,127.76 - 104.50,127.76,Dinero Pineiro,2019
4,TAEkin it 2 da HOUSE,Win,127.88 - 108.78,127.88,Dinero Pineiro,2019
5,Veggie Thunbergers,Loss,94.90 - 121.18,94.9,Dinero Pineiro,2019
6,Hagar Billies,Win,118.64 - 109.00,118.64,Dinero Pineiro,2019
7,Admiral Ackbar's Ass,Loss,69.26 - 83.16,69.26,Dinero Pineiro,2019
8,SaquonDeezNuts,Win,116.82 - 101.36,116.82,Dinero Pineiro,2019
9,Show Me Your TD's,Loss,56.46 - 140.70,56.46,Dinero Pineiro,2019
10,Admiral Ackbar's Ass,Loss,74.48 - 114.66,74.48,Dinero Pineiro,2019
11,Da Bear Necessities,Loss,91.00 - 110.62,91,Dinero Pineiro,2019
12,Steelers SIXcess,Loss,78.34 - 110.56,78.34,Dinero Pineiro,2019
13,Two Chips,Loss,83.34 - 94.40,83.34,Dinero Pineiro,2019
1,TAEkin it 2 da HOUSE,Win,87.26 - 73.62,87.26,Veggie Thunbergers,2019
2,Hagar Billies,Win,87.62 - 77.64,87.62,Veggie Thunbergers,2019
3,The Legion Of Zoom,Loss,106.22 - 106.76,106.22,Veggie Thunbergers,2019
4,SaquonDeezNuts,Loss,61.12 - 61.70,61.12,Veggie Thunbergers,2019
5,Dinero Pineiro,Win,121.18 - 94.90,121.18,Veggie Thunbergers,2019
6,Show Me Your TD's,Win,59.82 - 54.80,59.82,Veggie Thunbergers,2019
7,Two Chips,Win,85.78 - 77.02,85.78,Veggie Thunbergers,2019
8,Da Bear Necessities,Loss,97.06 - 111.98,97.06,Veggie Thunbergers,2019
9,Admiral Ackbar's Ass,Win,87.20 - 84.80,87.2,Veggie Thunbergers,2019
10,Two Chips,Loss,77.52 - 158.32,77.52,Veggie Thunbergers,2019
11,Steelers SIXcess,Win,117.04 - 89.74,117.04,Veggie Thunbergers,2019
12,TAEkin it 2 da HOUSE,Loss,81.92 - 83.56,81.92,Veggie Thunbergers,2019
13,Thunder Horse,Win,86.02 - 81.64,86.02,Veggie Thunbergers,2019
1,Thunder Horse,Loss,103.72 - 107.20,103.72,Hagar Billies,2019
2,Veggie Thunbergers,Loss,77.64 - 87.62,77.64,Hagar Billies,2019
3,Admiral Ackbar's Ass,Win,118.22 - 103.24,118.22,Hagar Billies,2019
4,Thunder Horse,Win,113.94 - 68.90,113.94,Hagar Billies,2019
5,Steelers SIXcess,Win,73.44 - 72.84,73.44,Hagar Billies,2019
6,Dinero Pineiro,Loss,109.00 - 118.64,109,Hagar Billies,2019
7,TAEkin it 2 da HOUSE,Win,77.46 - 64.76,77.46,Hagar Billies,2019
8,The Legion Of Zoom,Win,108.70 - 84.50,108.7,Hagar Billies,2019
9,SaquonDeezNuts,Win,91.26 - 77.64,91.26,Hagar Billies,2019
10,TAEkin it 2 da HOUSE,Win,79.26 - 70.72,79.26,Hagar Billies,2019
11,Show Me Your TD's,Loss,59.76 - 98.42,59.76,Hagar Billies,2019
12,Two Chips,Loss,68.24 - 111.36,68.24,Hagar Billies,2019
13,Da Bear Necessities,Win,103.80 - 75.16,103.8,Hagar Billies,2019
1,Veggie Thunbergers,Loss,73.62 - 87.26,73.62,TAEkin it 2 da HOUSE,2019
2,Da Bear Necessities,Loss,93.66 - 113.52,93.66,TAEkin it 2 da HOUSE,2019
3,Steelers SIXcess,Win,103.24 - 74.62,103.24,TAEkin it 2 da HOUSE,2019
4,Dinero Pineiro,Loss,108.78 - 127.88,108.78,TAEkin it 2 da HOUSE,2019
5,Show Me Your TD's,Loss,93.02 - 117.36,93.02,TAEkin it 2 da HOUSE,2019
6,The Legion Of Zoom,Win,116.52 - 86.52,116.52,TAEkin it 2 da HOUSE,2019
7,Hagar Billies,Loss,64.76 - 77.46,64.76,TAEkin it 2 da HOUSE,2019
8,Admiral Ackbar's Ass,Win,111.50 - 111.16,111.5,TAEkin it 2 da HOUSE,2019
9,Thunder Horse,Loss,56.54 - 114.42,56.54,TAEkin it 2 da HOUSE,2019
10,Hagar Billies,Loss,70.72 - 79.26,70.72,TAEkin it 2 da HOUSE,2019
11,Two Chips,Loss,101.56 - 106.78,101.56,TAEkin it 2 da HOUSE,2019
12,Veggie Thunbergers,Win,83.56 - 81.92,83.56,TAEkin it 2 da HOUSE,2019
13,SaquonDeezNuts,Loss,96.12 - 106.66,96.12,TAEkin it 2 da HOUSE,2019
1,SaquonDeezNuts,Win,123.30 - 116.32,123.3,Show Me Your TD's,2019
2,Admiral Ackbar's Ass,Loss,89.32 - 122.10,89.32,Show Me Your TD's,2019
3,Dinero Pineiro,Loss,104.50 - 127.76,104.5,Show Me Your TD's,2019
4,Steelers SIXcess,Loss,59.80 - 99.80,59.8,Show Me Your TD's,2019
5,TAEkin it 2 da HOUSE,Win,117.36 - 93.02,117.36,Show Me Your TD's,2019
6,Veggie Thunbergers,Loss,54.80 - 59.82,54.8,Show Me Your TD's,2019
7,Da Bear Necessities,Win,144.12 - 101.12,144.12,Show Me Your TD's,2019
8,Two Chips,Loss,74.70 - 109.76,74.7,Show Me Your TD's,2019
9,Dinero Pineiro,Win,140.70 - 56.46,140.7,Show Me Your TD's,2019
10,Da Bear Necessities,Win,105.48 - 93.52,105.48,Show Me Your TD's,2019
11,Hagar Billies,Win,98.42 - 59.76,98.42,Show Me Your TD's,2019
12,Thunder Horse,Win,108.54 - 85.30,108.54,Show Me Your TD's,2019
13,The Legion Of Zoom,Win,100.36 - 82.60,100.36,Show Me Your TD's,2019
1,Admiral Ackbar's Ass,Loss,103.32 - 135.20,103.32,Steelers SIXcess,2019
2,SaquonDeezNuts,Win,89.52 - 88.76,89.52,Steelers SIXcess,2019
3,TAEkin it 2 da HOUSE,Loss,74.62 - 103.24,74.62,Steelers SIXcess,2019
4,Show Me Your TD's,Win,99.80 - 59.80,99.8,Steelers SIXcess,2019
5,Hagar Billies,Loss,72.84 - 73.44,72.84,Steelers SIXcess,2019
6,Da Bear Necessities,Win,96.80 - 58.62,96.8,Steelers SIXcess,2019
7,The Legion Of Zoom,Loss,74.26 - 107.74,74.26,Steelers SIXcess,2019
8,Thunder Horse,Loss,88.54 - 109.58,88.54,Steelers SIXcess,2019
9,Two Chips,Loss,61.36 - 160.52,61.36,Steelers SIXcess,2019
10,The Legion Of Zoom,Loss,78.68 - 99.64,78.68,Steelers SIXcess,2019
11,Veggie Thunbergers,Loss,89.74 - 117.04,89.74,Steelers SIXcess,2019
12,Dinero Pineiro,Win,110.56 - 78.34,110.56,Steelers SIXcess,2019
13,Admiral Ackbar's Ass,Loss,77.38 - 93.64,77.38,Steelers SIXcess,2019
1,Da Bear Necessities,Loss,91.26 - 134.64,91.26,Two Chips,2019
2,The Legion Of Zoom,Loss,101.58 - 120.82,101.58,Two Chips,2019
3,Thunder Horse,Loss,109.58 - 129.64,109.58,Two Chips,2019
4,Da Bear Necessities,Loss,97.38 - 146.38,97.38,Two Chips,2019
5,Admiral Ackbar's Ass,Loss,94.24 - 112.32,94.24,Two Chips,2019
6,SaquonDeezNuts,Win,102.94 - 87.70,102.94,Two Chips,2019
7,Veggie Thunbergers,Loss,77.02 - 85.78,77.02,Two Chips,2019
8,Show Me Your TD's,Win,109.76 - 74.70,109.76,Two Chips,2019
9,Steelers SIXcess,Win,160.52 - 61.36,160.52,Two Chips,2019
10,Veggie Thunbergers,Win,158.32 - 77.52,158.32,Two Chips,2019
11,TAEkin it 2 da HOUSE,Win,106.78 - 101.56,106.78,Two Chips,2019
12,Hagar Billies,Win,111.36 - 68.24,111.36,Two Chips,2019
13,Dinero Pineiro,Win,94.40 - 83.34,94.4,Two Chips,2019
1,Dinero Pineiro,Win,114.70 - 82.92,114.7,The Legion Of Zoom,2019
2,Two Chips,Win,120.82 - 101.58,120.82,The Legion Of Zoom,2019
3,Veggie Thunbergers,Win,106.76 - 106.22,106.76,The Legion Of Zoom,2019
4,Admiral Ackbar's Ass,Loss,60.50 - 78.20,60.5,The Legion Of Zoom,2019
5,SaquonDeezNuts,Loss,105.24 - 149.94,105.24,The Legion Of Zoom,2019
6,TAEkin it 2 da HOUSE,Loss,86.52 - 116.52,86.52,The Legion Of Zoom,2019
7,Steelers SIXcess,Win,107.74 - 74.26,107.74,The Legion Of Zoom,2019
8,Hagar Billies,Loss,84.50 - 108.70,84.5,The Legion Of Zoom,2019
9,Da Bear Necessities,Win,93.56 - 70.76,93.56,The Legion Of Zoom,2019
10,Steelers SIXcess,Win,99.64 - 78.68,99.64,The Legion Of Zoom,2019
11,Thunder Horse,Loss,66.98 - 103.56,66.98,The Legion Of Zoom,2019
12,SaquonDeezNuts,Loss,82.78 - 97.12,82.78,The Legion Of Zoom,2019
13,Show Me Your TD's,Loss,82.60 - 100.36,82.6,The Legion Of Zoom,2019
1,Two Chips,Win,134.64 - 91.26,134.64,Da Bear Necessities,2019
2,TAEkin it 2 da HOUSE,Win,113.52 - 93.66,113.52,Da Bear Necessities,2019
3,SaquonDeezNuts,Loss,95.02 - 125.54,95.02,Da Bear Necessities,2019
4,Two Chips,Win,146.38 - 97.38,146.38,Da Bear Necessities,2019
5,Thunder Horse,Loss,124.20 - 138.52,124.2,Da Bear Necessities,2019
6,Steelers SIXcess,Loss,58.62 - 96.80,58.62,Da Bear Necessities,2019
7,Show Me Your TD's,Loss,101.12 - 144.12,101.12,Da Bear Necessities,2019
8,Veggie Thunbergers,Win,111.98 - 97.06,111.98,Da Bear Necessities,2019
9,The Legion Of Zoom,Loss,70.76 - 93.56,70.76,Da Bear Necessities,2019
10,Show Me Your TD's,Loss,93.52 - 105.48,93.52,Da Bear Necessities,2019
11,Dinero Pineiro,Win,110.62 - 91.00,110.62,Da Bear Necessities,2019
12,Admiral Ackbar's Ass,Win,92.36 - 82.70,92.36,Da Bear Necessities,2019
13,Hagar Billies,Loss,75.16 - 103.80,75.16,Da Bear Necessities,2019
1,Hagar Billies,Win,107.20 - 103.72,107.2,Thunder Horse,2019
2,Dinero Pineiro,Loss,84.10 - 84.90,84.1,Thunder Horse,2019
3,Two Chips,Win,129.64 - 109.58,129.64,Thunder Horse,2019
4,Hagar Billies,Loss,68.90 - 113.94,68.9,Thunder Horse,2019
5,Da Bear Necessities,Win,138.52 - 124.20,138.52,Thunder Horse,2019
6,Admiral Ackbar's Ass,Win,141.00 - 101.16,141,Thunder Horse,2019
7,SaquonDeezNuts,Win,94.44 - 69.32,94.44,Thunder Horse,2019
8,Steelers SIXcess,Win,109.58 - 88.54,109.58,Thunder Horse,2019
9,TAEkin it 2 da HOUSE,Win,114.42 - 56.54,114.42,Thunder Horse,2019
10,SaquonDeezNuts,Win,112.08 - 73.54,112.08,Thunder Horse,2019
11,The Legion Of Zoom,Win,103.56 - 66.98,103.56,Thunder Horse,2019
12,Show Me Your TD's,Loss,85.30 - 108.54,85.3,Thunder Horse,2019
13,Veggie Thunbergers,Loss,81.64 - 86.02,81.64,Thunder Horse,2019
1,Show Me Your TD's,Loss,116.32 - 123.30,116.32,SaquonDeezNuts,2019
2,Steelers SIXcess,Loss,88.76 - 89.52,88.76,SaquonDeezNuts,2019
3,Da Bear Necessities,Win,125.54 - 95.02,125.54,SaquonDeezNuts,2019
4,Veggie Thunbergers,Win,61.70 - 61.12,61.7,SaquonDeezNuts,2019
5,The Legion Of Zoom,Win,149.94 - 105.24,149.94,SaquonDeezNuts,2019
6,Two Chips,Loss,87.70 - 102.94,87.7,SaquonDeezNuts,2019
7,Thunder Horse,Loss,69.32 - 94.44,69.32,SaquonDeezNuts,2019
8,Dinero Pineiro,Loss,101.36 - 116.82,101.36,SaquonDeezNuts,2019
9,Hagar Billies,Loss,77.64 - 91.26,77.64,SaquonDeezNuts,2019
10,Thunder Horse,Loss,73.54 - 112.08,73.54,SaquonDeezNuts,2019
11,Admiral Ackbar's Ass,Loss,74.26 - 102.34,74.26,SaquonDeezNuts,2019
12,The Legion Of Zoom,Win,97.12 - 82.78,97.12,SaquonDeezNuts,2019
13,TAEkin it 2 da HOUSE,Win,106.66 - 96.12,106.66,SaquonDeezNuts,2019
Playoffs Qtr,Veggie Thunbergers,Loss,80.3 - 138.14,80.3,Hagar Billies,2019
Playoffs Qtr,Hagar Billies,Win,138.14 - 80.3,138.14,Veggie Thunbergers,2019
Playoffs Qtr,Two Chips,Win,104.68 - 85.2,104.68,Show Me Your TD's,2019
Playoffs Qtr,Show Me Your TD's,Loss,85.2 - 104.68,85.2,Two Chips,2019
Playoffs Semi,Veggie Thunbergers,Win,140.14 - 108.02,140.14,Thunder Horse,2019
Playoffs Semi,Thunder Horse,Loss,108.02 - 140.14,108.02,Veggie Thunbergers,2019
Playoffs Semi,Admiral Ackbar's Ass,Win,128.28 - 60.92,128.28,Show Me Your TD's,2019
Playoffs Semi,Show Me Your TD's,Loss,60.92 - 128.28,60.92,Admiral Ackbar's Ass,2019
Playoffs 5th,Two Chips,Loss,86.64 - 127.78,86.64,Hagar Billies,2019
Playoffs 5th,Hagar Billies,Win,127.78 - 86.64,127.78,Two Chips,2019
Playoffs Champ,Show Me Your TD's,Win,113.66 - 106.86,113.66,Thunder Horse,2019
Playoffs Champ,Thunder Horse,Loss,106.86 - 113.66,106.86,Show Me Your TD's,2019
Playoffs 3rd,Admiral Ackbar's Ass,Loss,61 - 92.74,61,Veggie Thunbergers,2019
Playoffs 3rd,Veggie Thunbergers,Win,92.74 - 61,92.74,Admiral Ackbar's Ass,2019
Consolation Qtr,TAEkin it 2 da HOUSE,Win,84.68 - 75.9,84.68,Dinero Pineiro,2019
Consolation Qtr,Dinero Pineiro,Loss,75.9 - 84.68,75.9,TAEkin it 2 da HOUSE,2019
Consolation Qtr,Steelers SIXcess,Win,104.88 - 78.54,104.88,SaquonDeezNuts,2019
Consolation Qtr,SaquonDeezNuts,Loss,78.54 - 104.88,78.54,Steelers SIXcess,2019
Consolation Semi,Dinero Pineiro,Loss,67.9 - 116.54,67.9,Da Bear Necessities,2019
Consolation Semi,Da Bear Necessities,Win,116.54 - 67.9,116.54,Dinero Pineiro,2019
Consolation Semi,The Legion Of Zoom,Win,103.92 - 99.2,103.92,SaquonDeezNuts,2019
Consolation Semi,SaquonDeezNuts,Loss,99.2 - 103.92,99.2,The Legion Of Zoom,2019
Consolation 11th,Steelers SIXcess,Win,105.12 - 102.46,105.12,TAEkin it 2 da HOUSE,2019
Consolation 11th,TAEkin it 2 da HOUSE,Loss,102.46 - 105.12,102.46,Steelers SIXcess,2019
Consolation Champ,SaquonDeezNuts,Loss,73.56 - 138.16,73.56,Dinero Pineiro,2019
Consolation Champ,Dinero Pineiro,Win,138.16 - 73.56,138.16,SaquonDeezNuts,2019
Consolation 9th,The Legion Of Zoom,Win,84.96 - 84.54,84.96,Da Bear Necessities,2019
Consolation 9th,Da Bear Necessities,Loss,84.54 - 84.96,84.54,The Legion Of Zoom,2019
1,MR. T's Cereal,Loss,74.04 - 124.96,74.04,Admiral Ackbar's Ass,2018
2,Daniel's Stormies,Loss,86.04 - 88.04,86.04,Admiral Ackbar's Ass,2018
3,Cousin's Familia,Loss,82.14 - 86.64,82.14,Admiral Ackbar's Ass,2018
4,Ridley Me That,Loss,44.34 - 104.52,44.34,Admiral Ackbar's Ass,2018
5,Show Me Your TD's,Loss,69.90 - 89.60,69.9,Admiral Ackbar's Ass,2018
6,Steelers SIXcess,Loss,72.52 - 134.10,72.52,Admiral Ackbar's Ass,2018
7,SUCK MY DITKA!!,Loss,96.80 - 98.96,96.8,Admiral Ackbar's Ass,2018
8,Suh Girls One Kupp,Loss,64.80 - 82.70,64.8,Admiral Ackbar's Ass,2018
9,A bunch of Jerry's,Win,93.18 - 87.36,93.18,Admiral Ackbar's Ass,2018
10,Gronkey Kong,Loss,120.14 - 151.32,120.14,Admiral Ackbar's Ass,2018
11,Thunder Horse,Loss,96.84 - 109.42,96.84,Admiral Ackbar's Ass,2018
12,MR. T's Cereal,Loss,117.42 - 121.56,117.42,Admiral Ackbar's Ass,2018
13,Daniel's Stormies,Loss,76.28 - 94.26,76.28,Admiral Ackbar's Ass,2018
1,Admiral Ackbar's Ass,Win,124.96 - 74.04,124.96,MR. T's Cereal,2018
2,Thunder Horse,Win,103.24 - 99.82,103.24,MR. T's Cereal,2018
3,Daniel's Stormies,Win,84.04 - 71.50,84.04,MR. T's Cereal,2018
4,Cousin's Familia,Loss,139.60 - 142.56,139.6,MR. T's Cereal,2018
5,Ridley Me That,Loss,71.96 - 83.94,71.96,MR. T's Cereal,2018
6,Show Me Your TD's,Win,105.88 - 73.38,105.88,MR. T's Cereal,2018
7,Steelers SIXcess,Loss,89.64 - 98.98,89.64,MR. T's Cereal,2018
8,SUCK MY DITKA!!,Loss,120.42 - 140.62,120.42,MR. T's Cereal,2018
9,Suh Girls One Kupp,Win,115.92 - 65.36,115.92,MR. T's Cereal,2018
10,A bunch of Jerry's,Win,110.62 - 96.66,110.62,MR. T's Cereal,2018
11,Gronkey Kong,Loss,110.64 - 125.86,110.64,MR. T's Cereal,2018
12,Admiral Ackbar's Ass,Win,121.56 - 117.42,121.56,MR. T's Cereal,2018
13,Thunder Horse,Loss,95.56 - 107.86,95.56,MR. T's Cereal,2018
1,Gronkey Kong,Win,107.82 - 103.90,107.82,Daniel's Stormies,2018
2,Admiral Ackbar's Ass,Win,88.04 - 86.04,88.04,Daniel's Stormies,2018
3,MR. T's Cereal,Loss,71.50 - 84.04,71.5,Daniel's Stormies,2018
4,Thunder Horse,Win,99.02 - 72.96,99.02,Daniel's Stormies,2018
5,Cousin's Familia,Win,103.04 - 93.00,103.04,Daniel's Stormies,2018
6,Ridley Me That,Loss,104.50 - 115.20,104.5,Daniel's Stormies,2018
7,Show Me Your TD's,Loss,84.60 - 103.46,84.6,Daniel's Stormies,2018
8,Steelers SIXcess,Loss,53.74 - 81.46,53.74,Daniel's Stormies,2018
9,SUCK MY DITKA!!,Loss,110.82 - 113.10,110.82,Daniel's Stormies,2018
10,Suh Girls One Kupp,Win,133.90 - 127.92,133.9,Daniel's Stormies,2018
11,A bunch of Jerry's,Win,74.84 - 68.02,74.84,Daniel's Stormies,2018
12,Gronkey Kong,Win,118.24 - 87.08,118.24,Daniel's Stormies,2018
13,Admiral Ackbar's Ass,Win,94.26 - 76.28,94.26,Daniel's Stormies,2018
1,A bunch of Jerry's,Loss,111.66 - 136.38,111.66,Cousin's Familia,2018
2,Gronkey Kong,Win,125.60 - 113.24,125.6,Cousin's Familia,2018
3,Admiral Ackbar's Ass,Win,86.64 - 82.14,86.64,Cousin's Familia,2018
4,MR. T's Cereal,Win,142.56 - 139.60,142.56,Cousin's Familia,2018
5,Daniel's Stormies,Loss,93.00 - 103.04,93,Cousin's Familia,2018
6,Thunder Horse,Win,113.80 - 97.78,113.8,Cousin's Familia,2018
7,Ridley Me That,Loss,91.46 - 93.78,91.46,Cousin's Familia,2018
8,Show Me Your TD's,Loss,116.86 - 127.36,116.86,Cousin's Familia,2018
9,Steelers SIXcess,Loss,48.36 - 92.16,48.36,Cousin's Familia,2018
10,SUCK MY DITKA!!,Loss,102.80 - 107.44,102.8,Cousin's Familia,2018
11,Suh Girls One Kupp,Loss,76.74 - 109.70,76.74,Cousin's Familia,2018
12,A bunch of Jerry's,Loss,78.38 - 95.92,78.38,Cousin's Familia,2018
13,Gronkey Kong,Win,89.74 - 82.54,89.74,Cousin's Familia,2018
1,Suh Girls One Kupp,Loss,77.34 - 92.84,77.34,Ridley Me That,2018
2,A bunch of Jerry's,Loss,88.16 - 111.86,88.16,Ridley Me That,2018
3,Gronkey Kong,Win,105.80 - 96.22,105.8,Ridley Me That,2018
4,Admiral Ackbar's Ass,Win,104.52 - 44.34,104.52,Ridley Me That,2018
5,MR. T's Cereal,Win,83.94 - 71.96,83.94,Ridley Me That,2018
6,Daniel's Stormies,Win,115.20 - 104.50,115.2,Ridley Me That,2018
7,Cousin's Familia,Win,93.78 - 91.46,93.78,Ridley Me That,2018
8,Thunder Horse,Loss,97.24 - 135.32,97.24,Ridley Me That,2018
9,Show Me Your TD's,Loss,123.24 - 140.42,123.24,Ridley Me That,2018
10,Steelers SIXcess,Loss,71.26 - 86.76,71.26,Ridley Me That,2018
11,SUCK MY DITKA!!,Win,142.52 - 72.80,142.52,Ridley Me That,2018
12,Suh Girls One Kupp,Loss,82.02 - 113.24,82.02,Ridley Me That,2018
13,A bunch of Jerry's,Win,120.82 - 79.44,120.82,Ridley Me That,2018
1,SUCK MY DITKA!!,Loss,76.04 - 87.32,76.04,Show Me Your TD's,2018
2,Suh Girls One Kupp,Win,111.10 - 105.48,111.1,Show Me Your TD's,2018
3,A bunch of Jerry's,Win,100.00 - 73.52,100,Show Me Your TD's,2018
4,Gronkey Kong,Win,144.20 - 108.66,144.2,Show Me Your TD's,2018
5,Admiral Ackbar's Ass,Win,89.60 - 69.90,89.6,Show Me Your TD's,2018
6,MR. T's Cereal,Loss,73.38 - 105.88,73.38,Show Me Your TD's,2018
7,Daniel's Stormies,Win,103.46 - 84.60,103.46,Show Me Your TD's,2018
8,Cousin's Familia,Win,127.36 - 116.86,127.36,Show Me Your TD's,2018
9,Ridley Me That,Win,140.42 - 123.24,140.42,Show Me Your TD's,2018
10,Thunder Horse,Win,86.32 - 78.06,86.32,Show Me Your TD's,2018
11,Steelers SIXcess,Win,102.42 - 79.38,102.42,Show Me Your TD's,2018
12,SUCK MY DITKA!!,Loss,86.22 - 89.82,86.22,Show Me Your TD's,2018
13,Suh Girls One Kupp,Loss,66.16 - 91.20,66.16,Show Me Your TD's,2018
1,Thunder Horse,Loss,95.84 - 127.66,95.84,Steelers SIXcess,2018
2,SUCK MY DITKA!!,Loss,83.26 - 98.94,83.26,Steelers SIXcess,2018
3,Suh Girls One Kupp,Loss,83.70 - 99.58,83.7,Steelers SIXcess,2018
4,A bunch of Jerry's,Win,133.96 - 89.76,133.96,Steelers SIXcess,2018
5,Gronkey Kong,Win,82.58 - 77.20,82.58,Steelers SIXcess,2018
6,Admiral Ackbar's Ass,Win,134.10 - 72.52,134.1,Steelers SIXcess,2018
7,MR. T's Cereal,Win,98.98 - 89.64,98.98,Steelers SIXcess,2018
8,Daniel's Stormies,Win,81.46 - 53.74,81.46,Steelers SIXcess,2018
9,Cousin's Familia,Win,92.16 - 48.36,92.16,Steelers SIXcess,2018
10,Ridley Me That,Win,86.76 - 71.26,86.76,Steelers SIXcess,2018
11,Show Me Your TD's,Loss,79.38 - 102.42,79.38,Steelers SIXcess,2018
12,Thunder Horse,Win,113.62 - 108.14,113.62,Steelers SIXcess,2018
13,SUCK MY DITKA!!,Loss,90.40 - 95.10,90.4,Steelers SIXcess,2018
1,Show Me Your TD's,Win,87.32 - 76.04,87.32,SUCK MY DITKA!!,2018
2,Steelers SIXcess,Win,98.94 - 83.26,98.94,SUCK MY DITKA!!,2018
3,Thunder Horse,Win,100.48 - 89.86,100.48,SUCK MY DITKA!!,2018
4,Suh Girls One Kupp,Loss,100.28 - 127.28,100.28,SUCK MY DITKA!!,2018
5,A bunch of Jerry's,Loss,103.82 - 135.84,103.82,SUCK MY DITKA!!,2018
6,Gronkey Kong,Loss,113.18 - 124.36,113.18,SUCK MY DITKA!!,2018
7,Admiral Ackbar's Ass,Win,98.96 - 96.80,98.96,SUCK MY DITKA!!,2018
8,MR. T's Cereal,Win,140.62 - 120.42,140.62,SUCK MY DITKA!!,2018
9,Daniel's Stormies,Win,113.10 - 110.82,113.1,SUCK MY DITKA!!,2018
10,Cousin's Familia,Win,107.44 - 102.80,107.44,SUCK MY DITKA!!,2018
11,Ridley Me That,Loss,72.80 - 142.52,72.8,SUCK MY DITKA!!,2018
12,Show Me Your TD's,Win,89.82 - 86.22,89.82,SUCK MY DITKA!!,2018
13,Steelers SIXcess,Win,95.10 - 90.40,95.1,SUCK MY DITKA!!,2018
1,Ridley Me That,Win,92.84 - 77.34,92.84,Suh Girls One Kupp,2018
2,Show Me Your TD's,Loss,105.48 - 111.10,105.48,Suh Girls One Kupp,2018
3,Steelers SIXcess,Win,99.58 - 83.70,99.58,Suh Girls One Kupp,2018
4,SUCK MY DITKA!!,Win,127.28 - 100.28,127.28,Suh Girls One Kupp,2018
5,Thunder Horse,Win,132.12 - 107.00,132.12,Suh Girls One Kupp,2018
6,A bunch of Jerry's,Win,151.66 - 114.50,151.66,Suh Girls One Kupp,2018
7,Gronkey Kong,Win,89.98 - 88.86,89.98,Suh Girls One Kupp,2018
8,Admiral Ackbar's Ass,Win,82.70 - 64.80,82.7,Suh Girls One Kupp,2018
9,MR. T's Cereal,Loss,65.36 - 115.92,65.36,Suh Girls One Kupp,2018
10,Daniel's Stormies,Loss,127.92 - 133.90,127.92,Suh Girls One Kupp,2018
11,Cousin's Familia,Win,109.70 - 76.74,109.7,Suh Girls One Kupp,2018
12,Ridley Me That,Win,113.24 - 82.02,113.24,Suh Girls One Kupp,2018
13,Show Me Your TD's,Win,91.20 - 66.16,91.2,Suh Girls One Kupp,2018
1,Cousin's Familia,Win,136.38 - 111.66,136.38,A bunch of Jerry's,2018
2,Ridley Me That,Win,111.86 - 88.16,111.86,A bunch of Jerry's,2018
3,Show Me Your TD's,Loss,73.52 - 100.00,73.52,A bunch of Jerry's,2018
4,Steelers SIXcess,Loss,89.76 - 133.96,89.76,A bunch of Jerry's,2018
5,SUCK MY DITKA!!,Win,135.84 - 103.82,135.84,A bunch of Jerry's,2018
6,Suh Girls One Kupp,Loss,114.50 - 151.66,114.5,A bunch of Jerry's,2018
7,Thunder Horse,Loss,107.18 - 133.72,107.18,A bunch of Jerry's,2018
8,Gronkey Kong,Win,113.86 - 70.98,113.86,A bunch of Jerry's,2018
9,Admiral Ackbar's Ass,Loss,87.36 - 93.18,87.36,A bunch of Jerry's,2018
10,MR. T's Cereal,Loss,96.66 - 110.62,96.66,A bunch of Jerry's,2018
11,Daniel's Stormies,Loss,68.02 - 74.84,68.02,A bunch of Jerry's,2018
12,Cousin's Familia,Win,95.92 - 78.38,95.92,A bunch of Jerry's,2018
13,Ridley Me That,Loss,79.44 - 120.82,79.44,A bunch of Jerry's,2018
1,Daniel's Stormies,Loss,103.90 - 107.82,103.9,Gronkey Kong,2018
2,Cousin's Familia,Loss,113.24 - 125.60,113.24,Gronkey Kong,2018
3,Ridley Me That,Loss,96.22 - 105.80,96.22,Gronkey Kong,2018
4,Show Me Your TD's,Loss,108.66 - 144.20,108.66,Gronkey Kong,2018
5,Steelers SIXcess,Loss,77.20 - 82.58,77.2,Gronkey Kong,2018
6,SUCK MY DITKA!!,Win,124.36 - 113.18,124.36,Gronkey Kong,2018
7,Suh Girls One Kupp,Loss,88.86 - 89.98,88.86,Gronkey Kong,2018
8,A bunch of Jerry's,Loss,70.98 - 113.86,70.98,Gronkey Kong,2018
9,Thunder Horse,Loss,88.90 - 103.20,88.9,Gronkey Kong,2018
10,Admiral Ackbar's Ass,Win,151.32 - 120.14,151.32,Gronkey Kong,2018
11,MR. T's Cereal,Win,125.86 - 110.64,125.86,Gronkey Kong,2018
12,Daniel's Stormies,Loss,87.08 - 118.24,87.08,Gronkey Kong,2018
13,Cousin's Familia,Loss,82.54 - 89.74,82.54,Gronkey Kong,2018
1,Steelers SIXcess,Win,127.66 - 95.84,127.66,Thunder Horse,2018
2,MR. T's Cereal,Loss,99.82 - 103.24,99.82,Thunder Horse,2018
3,SUCK MY DITKA!!,Loss,89.86 - 100.48,89.86,Thunder Horse,2018
4,Daniel's Stormies,Loss,72.96 - 99.02,72.96,Thunder Horse,2018
5,Suh Girls One Kupp,Loss,107.00 - 132.12,107,Thunder Horse,2018
6,Cousin's Familia,Loss,97.78 - 113.80,97.78,Thunder Horse,2018
7,A bunch of Jerry's,Win,133.72 - 107.18,133.72,Thunder Horse,2018
8,Ridley Me That,Win,135.32 - 97.24,135.32,Thunder Horse,2018
9,Gronkey Kong,Win,103.20 - 88.90,103.2,Thunder Horse,2018
10,Show Me Your TD's,Loss,78.06 - 86.32,78.06,Thunder Horse,2018
11,Admiral Ackbar's Ass,Win,109.42 - 96.84,109.42,Thunder Horse,2018
12,Steelers SIXcess,Loss,108.14 - 113.62,108.14,Thunder Horse,2018
13,MR. T's Cereal,Win,107.86 - 95.56,107.86,Thunder Horse,2018
Playoffs Qtr,Daniel's Stormies,Loss,62.8 - 153.82,62.8,Steelers SIXcess,2018
Playoffs Qtr,Steelers SIXcess,Win,153.82 - 62.8,153.82,Daniel's Stormies,2018
Playoffs Qtr,MR. T's Cereal,Loss,81.78 - 84.70,81.78,Show Me Your TD's,2018
Playoffs Qtr,Show Me Your TD's,Win,84.7 - 81.78,84.7,MR. T's Cereal,2018
Playoffs Semi,Daniel's Stormies,Win,113.78 - 63.18,113.78,Suh Girls One Kupp,2018
Playoffs Semi,Suh Girls One Kupp,Loss,63.18 - 113.78,63.18,Daniel's Stormies,2018
Playoffs Semi,SUCK MY DITKA!!,Loss,77.52 - 112.78,77.52,MR. T's Cereal,2018
Playoffs Semi,MR. T's Cereal,Win,112.78 - 77.52,112.78,SUCK MY DITKA!!,2018
Playoffs 5th,Show Me Your TD's,Loss,90.54 - 106.86,90.54,Steelers SIXcess,2018
Playoffs 5th,Steelers SIXcess,Win,106.86 - 90.54,106.86,Show Me Your TD's,2018
Playoffs Champ,SUCK MY DITKA!!,Loss,114.16 - 127.14,114.16,Suh Girls One Kupp,2018
Playoffs Champ,Suh Girls One Kupp,Win,127.14 - 114.16,127.14,SUCK MY DITKA!!,2018
Playoffs 3rd,MR. T's Cereal,Win,117.54 - 81.04,117.54,Daniel's Stormies,2018
Playoffs 3rd,Daniel's Stormies,Loss,81.04 - 117.54,81.04,MR. T's Cereal,2018
Consolation 11th,Cousin's Familia,Win,95.66 - 70.74,95.66,A bunch of Jerry's,2018
Consolation 11th,A bunch of Jerry's,Loss,70.74 - 95.66,70.74,Cousin's Familia,2018
Consolation 9th,Admiral Ackbar's Ass,Win,113.02 - 102.54,113.02,Gronkey Kong,2018
Consolation 9th,Gronkey Kong,Loss,102.54 - 113.02,102.54,Admiral Ackbar's Ass,2018
Consolation Champ,Thunder Horse,Win,132.48 - 98.22,132.48,Ridley Me That,2018
Consolation Champ,Ridley Me That,Loss,98.22 - 132.48,98.22,Thunder Horse,2018
Consolation Qtr,Cousin's Familia,Win,144.58 - 78.08,144.58,Gronkey Kong,2018
Consolation Qtr,A bunch of Jerry's,Win,86.32 - 81.02,86.32,Admiral Ackbar's Ass,2018
Consolation Qtr,Admiral Ackbar's Ass,Loss,81.02 - 86.32,81.02,A bunch of Jerry's,2018
Consolation Qtr,Gronkey Kong,Loss,78.08 - 144.58,78.08,Cousin's Familia,2018
Consolation Semi,Gronkey Kong,Win,73.16 - 56.3,73.16,Ridley Me That,2018
Consolation Semi,Ridley Me That,Loss,56.3 - 73.16,56.3,Gronkey Kong,2018
Consolation Semi,Admiral Ackbar's Ass,Win,98.42 - 79.02,98.42,Thunder Horse,2018
Consolation Semi,Thunder Horse,Loss,79.02 - 98.42,79.02,Admiral Ackbar's Ass,2018
1,Cheap Vodka,Loss,73.72 - 101.20,73.72,Admiral Ackbar's Ass,2017
2,He Hate Me,Loss,84.22 - 100.80,84.22,Admiral Ackbar's Ass,2017
3,Ginger Kids,Loss,100.20 - 114.40,100.2,Admiral Ackbar's Ass,2017
4,Show Me Your TD's,Loss,74.14 - 78.02,74.14,Admiral Ackbar's Ass,2017
5,Mr. Thiel Your Gurl,Loss,67.08 - 78.74,67.08,Admiral Ackbar's Ass,2017
6,SUCK MY DITKA!,Loss,80.98 - 114.86,80.98,Admiral Ackbar's Ass,2017
7,Team Carrizard,Loss,69.86 - 97.38,69.86,Admiral Ackbar's Ass,2017
8,The Cucumber Curse,Loss,77.28 - 94.62,77.28,Admiral Ackbar's Ass,2017
9,Steelers SIXcess,Win,127.90 - 69.92,127.9,Admiral Ackbar's Ass,2017
10,Thunder Horse,Loss,86.58 - 88.52,86.58,Admiral Ackbar's Ass,2017
11,The Dakstreet Boys,Loss,54.78 - 100.90,54.78,Admiral Ackbar's Ass,2017
12,Cheap Vodka,Tie,96.24 - 96.24,96.24,Admiral Ackbar's Ass,2017
13,He Hate Me,Loss,75.40 - 122.02,75.4,Admiral Ackbar's Ass,2017
1,Admiral Ackbar's Ass,Win,101.20 - 73.72,101.2,Cheap Vodka,2017
2,The Dakstreet Boys,Loss,90.26 - 90.62,90.26,Cheap Vodka,2017
3,He Hate Me,Win,83.12 - 80.94,83.12,Cheap Vodka,2017
4,Ginger Kids,Win,117.58 - 113.30,117.58,Cheap Vodka,2017
5,Show Me Your TD's,Win,81.36 - 69.90,81.36,Cheap Vodka,2017
6,Mr. Thiel Your Gurl,Loss,88.94 - 92.02,88.94,Cheap Vodka,2017
7,SUCK MY DITKA!,Loss,84.66 - 122.44,84.66,Cheap Vodka,2017
8,Team Carrizard,Loss,73.60 - 87.92,73.6,Cheap Vodka,2017
9,The Cucumber Curse,Loss,48.18 - 81.76,48.18,Cheap Vodka,2017
10,Steelers SIXcess,Loss,56.94 - 65.10,56.94,Cheap Vodka,2017
11,Thunder Horse,Loss,90.76 - 111.52,90.76,Cheap Vodka,2017
12,Admiral Ackbar's Ass,Tie,96.24 - 96.24,96.24,Cheap Vodka,2017
13,The Dakstreet Boys,Win,123.24 - 115.48,123.24,Cheap Vodka,2017
1,Thunder Horse,Win,85.64 - 78.42,85.64,He Hate Me,2017
2,Admiral Ackbar's Ass,Win,100.80 - 84.22,100.8,He Hate Me,2017
3,Cheap Vodka,Loss,80.94 - 83.12,80.94,He Hate Me,2017
4,The Dakstreet Boys,Loss,80.14 - 89.68,80.14,He Hate Me,2017
5,Ginger Kids,Loss,114.76 - 121.66,114.76,He Hate Me,2017
6,Show Me Your TD's,Win,102.18 - 48.34,102.18,He Hate Me,2017
7,Mr. Thiel Your Gurl,Win,91.42 - 87.22,91.42,He Hate Me,2017
8,SUCK MY DITKA!,Loss,101.94 - 134.46,101.94,He Hate Me,2017
9,Team Carrizard,Win,91.56 - 84.20,91.56,He Hate Me,2017
10,The Cucumber Curse,Loss,88.46 - 94.34,88.46,He Hate Me,2017
11,Steelers SIXcess,Win,106.12 - 102.30,106.12,He Hate Me,2017
12,Thunder Horse,Win,121.58 - 104.32,121.58,He Hate Me,2017
13,Admiral Ackbar's Ass,Win,122.02 - 75.40,122.02,He Hate Me,2017
1,Steelers SIXcess,Win,133.60 - 94.44,133.6,Ginger Kids,2017
2,Thunder Horse,Win,82.16 - 73.32,82.16,Ginger Kids,2017
3,Admiral Ackbar's Ass,Win,114.40 - 100.20,114.4,Ginger Kids,2017
4,Cheap Vodka,Loss,113.30 - 117.58,113.3,Ginger Kids,2017
5,He Hate Me,Win,121.66 - 114.76,121.66,Ginger Kids,2017
6,The Dakstreet Boys,Loss,84.70 - 98.00,84.7,Ginger Kids,2017
7,Show Me Your TD's,Win,107.82 - 78.54,107.82,Ginger Kids,2017
8,Mr. Thiel Your Gurl,Win,111.92 - 108.00,111.92,Ginger Kids,2017
9,SUCK MY DITKA!,Win,96.32 - 82.78,96.32,Ginger Kids,2017
10,Team Carrizard,Win,105.98 - 99.10,105.98,Ginger Kids,2017
11,The Cucumber Curse,Loss,95.90 - 105.00,95.9,Ginger Kids,2017
12,Steelers SIXcess,Win,97.68 - 61.78,97.68,Ginger Kids,2017
13,Thunder Horse,Loss,98.34 - 101.48,98.34,Ginger Kids,2017
1,The Cucumber Curse,Win,88.44 - 52.38,88.44,Show Me Your TD's,2017
2,Steelers SIXcess,Win,98.44 - 85.98,98.44,Show Me Your TD's,2017
3,Thunder Horse,Loss,83.30 - 106.26,83.3,Show Me Your TD's,2017
4,Admiral Ackbar's Ass,Win,78.02 - 74.14,78.02,Show Me Your TD's,2017
5,Cheap Vodka,Loss,69.90 - 81.36,69.9,Show Me Your TD's,2017
6,He Hate Me,Loss,48.34 - 102.18,48.34,Show Me Your TD's,2017
7,Ginger Kids,Loss,78.54 - 107.82,78.54,Show Me Your TD's,2017
8,The Dakstreet Boys,Win,98.36 - 72.82,98.36,Show Me Your TD's,2017
9,Mr. Thiel Your Gurl,Loss,91.72 - 97.00,91.72,Show Me Your TD's,2017
10,SUCK MY DITKA!,Loss,76.56 - 144.46,76.56,Show Me Your TD's,2017
11,Team Carrizard,Win,93.40 - 78.18,93.4,Show Me Your TD's,2017
12,The Cucumber Curse,Loss,84.84 - 138.98,84.84,Show Me Your TD's,2017
13,Steelers SIXcess,Loss,70.36 - 74.32,70.36,Show Me Your TD's,2017
1,Team Carrizard,Win,70.84 - 51.68,70.84,Mr. Thiel Your Gurl,2017
2,The Cucumber Curse,Loss,106.12 - 121.48,106.12,Mr. Thiel Your Gurl,2017
3,Steelers SIXcess,Win,114.12 - 88.56,114.12,Mr. Thiel Your Gurl,2017
4,Thunder Horse,Loss,87.16 - 89.80,87.16,Mr. Thiel Your Gurl,2017
5,Admiral Ackbar's Ass,Win,78.74 - 67.08,78.74,Mr. Thiel Your Gurl,2017
6,Cheap Vodka,Win,92.02 - 88.94,92.02,Mr. Thiel Your Gurl,2017
7,He Hate Me,Loss,87.22 - 91.42,87.22,Mr. Thiel Your Gurl,2017
8,Ginger Kids,Loss,108.00 - 111.92,108,Mr. Thiel Your Gurl,2017
9,Show Me Your TD's,Win,97.00 - 91.72,97,Mr. Thiel Your Gurl,2017
10,The Dakstreet Boys,Win,102.44 - 71.94,102.44,Mr. Thiel Your Gurl,2017
11,SUCK MY DITKA!,Loss,92.00 - 104.64,92,Mr. Thiel Your Gurl,2017
12,Team Carrizard,Win,106.76 - 79.96,106.76,Mr. Thiel Your Gurl,2017
13,The Cucumber Curse,Win,121.64 - 73.02,121.64,Mr. Thiel Your Gurl,2017
1,The Dakstreet Boys,Loss,77.84 - 94.42,77.84,SUCK MY DITKA!,2017
2,Team Carrizard,Loss,47.92 - 118.50,47.92,SUCK MY DITKA!,2017
3,The Cucumber Curse,Loss,73.28 - 88.52,73.28,SUCK MY DITKA!,2017
4,Steelers SIXcess,Win,135.46 - 62.78,135.46,SUCK MY DITKA!,2017
5,Thunder Horse,Win,86.60 - 69.22,86.6,SUCK MY DITKA!,2017
6,Admiral Ackbar's Ass,Win,114.86 - 80.98,114.86,SUCK MY DITKA!,2017
7,Cheap Vodka,Win,122.44 - 84.66,122.44,SUCK MY DITKA!,2017
8,He Hate Me,Win,134.46 - 101.94,134.46,SUCK MY DITKA!,2017
9,Ginger Kids,Loss,82.78 - 96.32,82.78,SUCK MY DITKA!,2017
10,Show Me Your TD's,Win,144.46 - 76.56,144.46,SUCK MY DITKA!,2017
11,Mr. Thiel Your Gurl,Win,104.64 - 92.00,104.64,SUCK MY DITKA!,2017
12,The Dakstreet Boys,Win,102.12 - 73.30,102.12,SUCK MY DITKA!,2017
13,Team Carrizard,Win,116.96 - 69.60,116.96,SUCK MY DITKA!,2017
1,Mr. Thiel Your Gurl,Loss,51.68 - 70.84,51.68,Team Carrizard,2017
2,SUCK MY DITKA!,Win,118.50 - 47.92,118.5,Team Carrizard,2017
3,The Dakstreet Boys,Loss,55.82 - 117.12,55.82,Team Carrizard,2017
4,The Cucumber Curse,Win,83.82 - 63.08,83.82,Team Carrizard,2017
5,Steelers SIXcess,Loss,67.02 - 104.52,67.02,Team Carrizard,2017
6,Thunder Horse,Loss,78.64 - 101.18,78.64,Team Carrizard,2017
7,Admiral Ackbar's Ass,Win,97.38 - 69.86,97.38,Team Carrizard,2017
8,Cheap Vodka,Win,87.92 - 73.60,87.92,Team Carrizard,2017
9,He Hate Me,Loss,84.20 - 91.56,84.2,Team Carrizard,2017
10,Ginger Kids,Loss,99.10 - 105.98,99.1,Team Carrizard,2017
11,Show Me Your TD's,Loss,78.18 - 93.40,78.18,Team Carrizard,2017
12,Mr. Thiel Your Gurl,Loss,79.96 - 106.76,79.96,Team Carrizard,2017
13,SUCK MY DITKA!,Loss,69.60 - 116.96,69.6,Team Carrizard,2017
1,Show Me Your TD's,Loss,52.38 - 88.44,52.38,The Cucumber Curse,2017
2,Mr. Thiel Your Gurl,Win,121.48 - 106.12,121.48,The Cucumber Curse,2017
3,SUCK MY DITKA!,Win,88.52 - 73.28,88.52,The Cucumber Curse,2017
4,Team Carrizard,Loss,63.08 - 83.82,63.08,The Cucumber Curse,2017
5,The Dakstreet Boys,Loss,82.62 - 119.14,82.62,The Cucumber Curse,2017
6,Steelers SIXcess,Loss,88.28 - 104.62,88.28,The Cucumber Curse,2017
7,Thunder Horse,Loss,83.66 - 88.46,83.66,The Cucumber Curse,2017
8,Admiral Ackbar's Ass,Win,94.62 - 77.28,94.62,The Cucumber Curse,2017
9,Cheap Vodka,Win,81.76 - 48.18,81.76,The Cucumber Curse,2017
10,He Hate Me,Win,94.34 - 88.46,94.34,The Cucumber Curse,2017
11,Ginger Kids,Win,105.00 - 95.90,105,The Cucumber Curse,2017
12,Show Me Your TD's,Win,138.98 - 84.84,138.98,The Cucumber Curse,2017
13,Mr. Thiel Your Gurl,Loss,73.02 - 121.64,73.02,The Cucumber Curse,2017
1,Ginger Kids,Loss,94.44 - 133.60,94.44,Steelers SIXcess,2017
2,Show Me Your TD's,Loss,85.98 - 98.44,85.98,Steelers SIXcess,2017
3,Mr. Thiel Your Gurl,Loss,88.56 - 114.12,88.56,Steelers SIXcess,2017
4,SUCK MY DITKA!,Loss,62.78 - 135.46,62.78,Steelers SIXcess,2017
5,Team Carrizard,Win,104.52 - 67.02,104.52,Steelers SIXcess,2017
6,The Cucumber Curse,Win,104.62 - 88.28,104.62,Steelers SIXcess,2017
7,The Dakstreet Boys,Loss,89.62 - 119.06,89.62,Steelers SIXcess,2017
8,Thunder Horse,Loss,91.86 - 110.68,91.86,Steelers SIXcess,2017
9,Admiral Ackbar's Ass,Loss,69.92 - 127.90,69.92,Steelers SIXcess,2017
10,Cheap Vodka,Win,65.10 - 56.94,65.1,Steelers SIXcess,2017
11,He Hate Me,Loss,102.30 - 106.12,102.3,Steelers SIXcess,2017
12,Ginger Kids,Loss,61.78 - 97.68,61.78,Steelers SIXcess,2017
13,Show Me Your TD's,Win,74.32 - 70.36,74.32,Steelers SIXcess,2017
1,He Hate Me,Loss,78.42 - 85.64,78.42,Thunder Horse,2017
2,Ginger Kids,Loss,73.32 - 82.16,73.32,Thunder Horse,2017
3,Show Me Your TD's,Win,106.26 - 83.30,106.26,Thunder Horse,2017
4,Mr. Thiel Your Gurl,Win,89.80 - 87.16,89.8,Thunder Horse,2017
5,SUCK MY DITKA!,Loss,69.22 - 86.60,69.22,Thunder Horse,2017
6,Team Carrizard,Win,101.18 - 78.64,101.18,Thunder Horse,2017
7,The Cucumber Curse,Win,88.46 - 83.66,88.46,Thunder Horse,2017
8,Steelers SIXcess,Win,110.68 - 91.86,110.68,Thunder Horse,2017
9,The Dakstreet Boys,Loss,82.28 - 89.46,82.28,Thunder Horse,2017
10,Admiral Ackbar's Ass,Win,88.52 - 86.58,88.52,Thunder Horse,2017
11,Cheap Vodka,Win,111.52 - 90.76,111.52,Thunder Horse,2017
12,He Hate Me,Loss,104.32 - 121.58,104.32,Thunder Horse,2017
13,Ginger Kids,Win,101.48 - 98.34,101.48,Thunder Horse,2017
1,SUCK MY DITKA!,Win,94.42 - 77.84,94.42,The Dakstreet Boys,2017
2,Cheap Vodka,Win,90.62 - 90.26,90.62,The Dakstreet Boys,2017
3,Team Carrizard,Win,117.12 - 55.82,117.12,The Dakstreet Boys,2017
4,He Hate Me,Win,89.68 - 80.14,89.68,The Dakstreet Boys,2017
5,The Cucumber Curse,Win,119.14 - 82.62,119.14,The Dakstreet Boys,2017
6,Ginger Kids,Win,98.00 - 84.70,98,The Dakstreet Boys,2017
7,Steelers SIXcess,Win,119.06 - 89.62,119.06,The Dakstreet Boys,2017
8,Show Me Your TD's,Loss,72.82 - 98.36,72.82,The Dakstreet Boys,2017
9,Thunder Horse,Win,89.46 - 82.28,89.46,The Dakstreet Boys,2017
10,Mr. Thiel Your Gurl,Loss,71.94 - 102.44,71.94,The Dakstreet Boys,2017
11,Admiral Ackbar's Ass,Win,100.90 - 54.78,100.9,The Dakstreet Boys,2017
12,SUCK MY DITKA!,Loss,73.30 - 102.12,73.3,The Dakstreet Boys,2017
13,Cheap Vodka,Loss,115.48 - 123.24,115.48,The Dakstreet Boys,2017
Playoffs Qtr,Mr. Thiel Your Gurl,Win,110.34 - 79.74,110.34,He Hate Me,2017
Playoffs Qtr,He Hate Me,Loss,79.74 -110.34,79.74,Mr. Thiel Your Gurl,2017
Playoffs Qtr,Thunder Horse,Win,115.98 - 111.64,115.98,The Dakstreet Boys,2017
Playoffs Qtr,The Dakstreet Boys,Loss,111.64 - 115.98,111.64,Thunder Horse,2017
Playoffs Semi,He Hate Me,Win,119.54 - 109.64,119.54,Ginger Kids,2017
Playoffs Semi,Ginger Kids,Loss,109.64 - 119.54,109.64,He Hate Me,2017
Playoffs Semi,SUCK MY DITKA!,Loss,102.68 - 135.38,102.68,The Dakstreet Boys,2017
Playoffs Semi,The Dakstreet Boys,Win,135.38 - 102.68,135.38,SUCK MY DITKA!,2017
Playoffs 5th,Thunder Horse,Win,132.8 - 61.48,132.8,Mr. Thiel Your Gurl,2017
Playoffs 5th,Mr. Thiel Your Gurl,Loss,61.48 - 132.8,61.48,Thunder Horse,2017
Playoffs Champ,SUCK MY DITKA!,Loss,71.82 - 106.44,71.82,Ginger Kids,2017
Playoffs Champ,Ginger Kids,Win,106.44 - 71.82,106.44,SUCK MY DITKA!,2017
Playoffs 3rd,The Dakstreet Boys,Loss,65.26 - 83.24,65.26,He Hate Me,2017
Playoffs 3rd,He Hate Me,Win,83.24 - 65.26,83.24,The Dakstreet Boys,2017
Consolation Qtr,Team Carrizard,Win,116.84 -74.54,116.84,Steelers SIXcess,2017
Consolation Qtr,Steelers SIXcess,Loss,74.54 - 116.84,74.54,Team Carrizard,2017
Consolation Qtr,Admiral Ackbar's Ass,Win,87.84 - 69.66,87.84,Show Me Your TD's,2017
Consolation Qtr,Show Me Your TD's,Loss,69.66 - 87.84,69.66,Admiral Ackbar's Ass,2017
Consolation Semi,Steelers SIXcess,Win,75.92 - 73.78,75.92,The Cucumber Curse,2017
Consolation Semi,The Cucumber Curse,Loss,73.78 - 75.92,73.78,Steelers SIXcess,2017
Consolation Semi,Cheap Vodka,Loss,72.34 - 88.84,72.34,Show Me Your TD's,2017
Consolation Semi,Show Me Your TD's,Win,88.84 - 72.34,88.84,Cheap Vodka,2017
Consolation 11th,Admiral Ackbar's Ass,Win,91.74 - 87.04,91.74,Team Carrizard,2017
Consolation 11th,Team Carrizard,Loss,87.04 - 91.74,87.04,Admiral Ackbar's Ass,2017
Consolation Champ,Cheap Vodka,Win,107.96 - 87.74,107.96,The Cucumber Curse,2017
Consolation Champ,The Cucumber Curse,Loss,87.74 - 107.96,87.74,Cheap Vodka,2017
Consolation 9th,Show Me Your TD's,Win,91.82 - 72.26,91.82,Steelers SIXcess,2017
Consolation 9th,Steelers SIXcess,Loss,72.26 - 91.82,72.26,Show Me Your TD's,2017
1,Cheap Vodka,Loss,113.72 - 116.10,113.72,Admiral Ackbar's Ass,2016
2,Bell's Potslam,Win,98.36 - 44.72,98.36,Admiral Ackbar's Ass,2016
3,Ginger Kids,Win,99.82 - 97.80,99.82,Admiral Ackbar's Ass,2016
4,Show Me Your TD's,Loss,103.60 - 111.56,103.6,Admiral Ackbar's Ass,2016
5,Jordy oz. to Freedom,Win,79.08 - 59.66,79.08,Admiral Ackbar's Ass,2016
6,SUCK MY DITKA,Loss,96.70 - 132.40,96.7,Admiral Ackbar's Ass,2016
7,Team Zekeachu,Win,83.00 - 79.94,83,Admiral Ackbar's Ass,2016
8,Fuck Gronks bitchass,Win,84.32 - 71.58,84.32,Admiral Ackbar's Ass,2016
9,Steelers SIXcess,Loss,93.48 - 96.06,93.48,Admiral Ackbar's Ass,2016
10,Thunder Horse,Win,105.36 - 87.84,105.36,Admiral Ackbar's Ass,2016
11,Wilfork on 1st Date,Win,108.78 - 85.72,108.78,Admiral Ackbar's Ass,2016
12,Cheap Vodka,Loss,77.04 - 117.34,77.04,Admiral Ackbar's Ass,2016
13,Bell's Potslam,Win,120.16 - 84.56,120.16,Admiral Ackbar's Ass,2016
1,Admiral Ackbar's Ass,Win,116.10 - 113.72,116.1,Cheap Vodka,2016
2,Wilfork on 1st Date,Loss,89.16 - 104.56,89.16,Cheap Vodka,2016
3,Bell's Potslam,Win,131.96 - 117.50,131.96,Cheap Vodka,2016
4,Ginger Kids,Win,120.08 - 59.24,120.08,Cheap Vodka,2016
5,Show Me Your TD's,Win,142.12 - 95.58,142.12,Cheap Vodka,2016
6,Jordy oz. to Freedom,Loss,87.64 - 93.30,87.64,Cheap Vodka,2016
7,SUCK MY DITKA,Loss,95.34 - 103.52,95.34,Cheap Vodka,2016
8,Team Zekeachu,Loss,80.40 - 102.90,80.4,Cheap Vodka,2016
9,Fuck Gronks bitchass,Win,112.32 - 73.90,112.32,Cheap Vodka,2016
10,Steelers SIXcess,Win,142.30 - 100.62,142.3,Cheap Vodka,2016
11,Thunder Horse,Win,125.10 - 57.18,125.1,Cheap Vodka,2016
12,Admiral Ackbar's Ass,Win,117.34 - 77.04,117.34,Cheap Vodka,2016
13,Wilfork on 1st Date,Win,78.66 - 61.48,78.66,Cheap Vodka,2016
1,Thunder Horse,Win,97.34 - 77.12,97.34,Bell's Potslam,2016
2,Admiral Ackbar's Ass,Loss,44.72 - 98.36,44.72,Bell's Potslam,2016
3,Cheap Vodka,Loss,117.50 - 131.96,117.5,Bell's Potslam,2016
4,Wilfork on 1st Date,Win,101.68 - 71.52,101.68,Bell's Potslam,2016
5,Ginger Kids,Win,86.64 - 78.86,86.64,Bell's Potslam,2016
6,Show Me Your TD's,Loss,70.64 - 98.98,70.64,Bell's Potslam,2016
7,Jordy oz. to Freedom,Loss,87.28 - 102.74,87.28,Bell's Potslam,2016
8,SUCK MY DITKA,Win,102.20 - 97.10,102.2,Bell's Potslam,2016
9,Team Zekeachu,Loss,105.34 - 106.06,105.34,Bell's Potslam,2016
10,Fuck Gronks bitchass,Win,110.94 - 82.44,110.94,Bell's Potslam,2016
11,Steelers SIXcess,Win,115.10 - 66.28,115.1,Bell's Potslam,2016
12,Thunder Horse,Win,92.24 - 68.78,92.24,Bell's Potslam,2016
13,Admiral Ackbar's Ass,Loss,84.56 - 120.16,84.56,Bell's Potslam,2016
1,Steelers SIXcess,Loss,85.68 - 115.10,85.68,Ginger Kids,2016
2,Thunder Horse,Loss,61.02 - 109.80,61.02,Ginger Kids,2016
3,Admiral Ackbar's Ass,Loss,97.80 - 99.82,97.8,Ginger Kids,2016
4,Cheap Vodka,Loss,59.24 - 120.08,59.24,Ginger Kids,2016
5,Bell's Potslam,Loss,78.86 - 86.64,78.86,Ginger Kids,2016
6,Wilfork on 1st Date,Win,90.66 - 66.92,90.66,Ginger Kids,2016
7,Show Me Your TD's,Win,101.84 - 81.42,101.84,Ginger Kids,2016
8,Jordy oz. to Freedom,Loss,69.62 - 140.44,69.62,Ginger Kids,2016
9,SUCK MY DITKA,Win,136.84 - 106.82,136.84,Ginger Kids,2016
10,Team Zekeachu,Loss,81.40 - 124.22,81.4,Ginger Kids,2016
11,Fuck Gronks bitchass,Loss,63.04 - 69.68,63.04,Ginger Kids,2016
12,Steelers SIXcess,Win,135.76 - 102.94,135.76,Ginger Kids,2016
13,Thunder Horse,Win,83.10 - 79.90,83.1,Ginger Kids,2016
1,Fuck Gronks bitchass,Win,121.50 - 101.46,121.5,Show Me Your TD's,2016
2,Steelers SIXcess,Win,104.88 - 51.66,104.88,Show Me Your TD's,2016
3,Thunder Horse,Loss,66.14 - 121.96,66.14,Show Me Your TD's,2016
4,Admiral Ackbar's Ass,Win,111.56 - 103.60,111.56,Show Me Your TD's,2016
5,Cheap Vodka,Loss,95.58 - 142.12,95.58,Show Me Your TD's,2016
6,Bell's Potslam,Win,98.98 - 70.64,98.98,Show Me Your TD's,2016
7,Ginger Kids,Loss,81.42 - 101.84,81.42,Show Me Your TD's,2016
8,Wilfork on 1st Date,Win,111.20 - 96.22,111.2,Show Me Your TD's,2016
9,Jordy oz. to Freedom,Loss,68.84 - 106.08,68.84,Show Me Your TD's,2016
10,SUCK MY DITKA,Loss,73.56 - 91.82,73.56,Show Me Your TD's,2016
11,Team Zekeachu,Win,102.68 - 66.52,102.68,Show Me Your TD's,2016
12,Fuck Gronks bitchass,Win,93.26 - 79.14,93.26,Show Me Your TD's,2016
13,Steelers SIXcess,Win,114.62 - 89.16,114.62,Show Me Your TD's,2016
1,Team Zekeachu,Win,93.86 - 79.30,93.86,Jordy oz. to Freedom,2016
2,Fuck Gronks bitchass,Win,120.32 - 112.52,120.32,Jordy oz. to Freedom,2016
3,Steelers SIXcess,Win,101.50 - 72.18,101.5,Jordy oz. to Freedom,2016
4,Thunder Horse,Loss,89.82 - 98.04,89.82,Jordy oz. to Freedom,2016
5,Admiral Ackbar's Ass,Loss,59.66 - 79.08,59.66,Jordy oz. to Freedom,2016
6,Cheap Vodka,Win,93.30 - 87.64,93.3,Jordy oz. to Freedom,2016
7,Bell's Potslam,Win,102.74 - 87.28,102.74,Jordy oz. to Freedom,2016
8,Ginger Kids,Win,140.44 - 69.62,140.44,Jordy oz. to Freedom,2016
9,Show Me Your TD's,Win,106.08 - 68.84,106.08,Jordy oz. to Freedom,2016
10,Wilfork on 1st Date,Win,91.54 - 51.38,91.54,Jordy oz. to Freedom,2016
11,SUCK MY DITKA,Win,107.04 - 98.80,107.04,Jordy oz. to Freedom,2016
12,Team Zekeachu,Win,108.32 - 102.78,108.32,Jordy oz. to Freedom,2016
13,Fuck Gronks bitchass,Win,74.06 - 73.40,74.06,Jordy oz. to Freedom,2016
1,Wilfork on 1st Date,Win,127.82 - 99.14,127.82,SUCK MY DITKA,2016
2,Team Zekeachu,Win,107.42 - 94.80,107.42,SUCK MY DITKA,2016
3,Fuck Gronks bitchass,Win,113.04 - 74.48,113.04,SUCK MY DITKA,2016
4,Steelers SIXcess,Loss,70.78 - 109.60,70.78,SUCK MY DITKA,2016
5,Thunder Horse,Win,125.16 - 82.36,125.16,SUCK MY DITKA,2016
6,Admiral Ackbar's Ass,Win,132.40 - 96.70,132.4,SUCK MY DITKA,2016
7,Cheap Vodka,Win,103.52 - 95.34,103.52,SUCK MY DITKA,2016
8,Bell's Potslam,Loss,97.10 - 102.20,97.1,SUCK MY DITKA,2016
9,Ginger Kids,Loss,106.82 - 136.84,106.82,SUCK MY DITKA,2016
10,Show Me Your TD's,Win,91.82 - 73.56,91.82,SUCK MY DITKA,2016
11,Jordy oz. to Freedom,Loss,98.80 - 107.04,98.8,SUCK MY DITKA,2016
12,Wilfork on 1st Date,Win,129.70 - 80.66,129.7,SUCK MY DITKA,2016
13,Team Zekeachu,Loss,104.94 - 131.74,104.94,SUCK MY DITKA,2016
1,Jordy oz. to Freedom,Loss,79.30 - 93.86,79.3,Team Zekeachu,2016
2,SUCK MY DITKA,Loss,94.80 - 107.42,94.8,Team Zekeachu,2016
3,Wilfork on 1st Date,Win,161.00 - 50.68,161,Team Zekeachu,2016
4,Fuck Gronks bitchass,Win,106.32 - 71.40,106.32,Team Zekeachu,2016
5,Steelers SIXcess,Win,123.40 - 88.60,123.4,Team Zekeachu,2016
6,Thunder Horse,Win,86.70 - 70.22,86.7,Team Zekeachu,2016
7,Admiral Ackbar's Ass,Loss,79.94 - 83.00,79.94,Team Zekeachu,2016
8,Cheap Vodka,Win,102.90 - 80.40,102.9,Team Zekeachu,2016
9,Bell's Potslam,Win,106.06 - 105.34,106.06,Team Zekeachu,2016
10,Ginger Kids,Win,124.22 - 81.40,124.22,Team Zekeachu,2016
11,Show Me Your TD's,Loss,66.52 - 102.68,66.52,Team Zekeachu,2016
12,Jordy oz. to Freedom,Loss,102.78 - 108.32,102.78,Team Zekeachu,2016
13,SUCK MY DITKA,Win,131.74 - 104.94,131.74,Team Zekeachu,2016
1,Show Me Your TD's,Loss,101.46 - 121.50,101.46,Fuck Gronks bitchass,2016
2,Jordy oz. to Freedom,Loss,112.52 - 120.32,112.52,Fuck Gronks bitchass,2016
3,SUCK MY DITKA,Loss,74.48 - 113.04,74.48,Fuck Gronks bitchass,2016
4,Team Zekeachu,Loss,71.40 - 106.32,71.4,Fuck Gronks bitchass,2016
5,Wilfork on 1st Date,Loss,73.52 - 96.08,73.52,Fuck Gronks bitchass,2016
6,Steelers SIXcess,Win,118.08 - 90.36,118.08,Fuck Gronks bitchass,2016
7,Thunder Horse,Win,108.86 - 99.04,108.86,Fuck Gronks bitchass,2016
8,Admiral Ackbar's Ass,Loss,71.58 - 84.32,71.58,Fuck Gronks bitchass,2016
9,Cheap Vodka,Loss,73.90 - 112.32,73.9,Fuck Gronks bitchass,2016
10,Bell's Potslam,Loss,82.44 - 110.94,82.44,Fuck Gronks bitchass,2016
11,Ginger Kids,Win,69.68 - 63.04,69.68,Fuck Gronks bitchass,2016
12,Show Me Your TD's,Loss,79.14 - 93.26,79.14,Fuck Gronks bitchass,2016
13,Jordy oz. to Freedom,Loss,73.40 - 74.06,73.4,Fuck Gronks bitchass,2016
1,Ginger Kids,Win,115.10 - 85.68,115.1,Steelers SIXcess,2016
2,Show Me Your TD's,Loss,51.66 - 104.88,51.66,Steelers SIXcess,2016
3,Jordy oz. to Freedom,Loss,72.18 - 101.50,72.18,Steelers SIXcess,2016
4,SUCK MY DITKA,Win,109.60 - 70.78,109.6,Steelers SIXcess,2016
5,Team Zekeachu,Loss,88.60 - 123.40,88.6,Steelers SIXcess,2016
6,Fuck Gronks bitchass,Loss,90.36 - 118.08,90.36,Steelers SIXcess,2016
7,Wilfork on 1st Date,Win,117.70 - 71.02,117.7,Steelers SIXcess,2016
8,Thunder Horse,Win,112.42 - 82.08,112.42,Steelers SIXcess,2016
9,Admiral Ackbar's Ass,Win,96.06 - 93.48,96.06,Steelers SIXcess,2016
10,Cheap Vodka,Loss,100.62 - 142.30,100.62,Steelers SIXcess,2016
11,Bell's Potslam,Loss,66.28 - 115.10,66.28,Steelers SIXcess,2016
12,Ginger Kids,Loss,102.94 - 135.76,102.94,Steelers SIXcess,2016
13,Show Me Your TD's,Loss,89.16 - 114.62,89.16,Steelers SIXcess,2016
1,Bell's Potslam,Loss,77.12 - 97.34,77.12,Thunder Horse,2016
2,Ginger Kids,Win,109.80 - 61.02,109.8,Thunder Horse,2016
3,Show Me Your TD's,Win,121.96 - 66.14,121.96,Thunder Horse,2016
4,Jordy oz. to Freedom,Win,98.04 - 89.82,98.04,Thunder Horse,2016
5,SUCK MY DITKA,Loss,82.36 - 125.16,82.36,Thunder Horse,2016
6,Team Zekeachu,Loss,70.22 - 86.70,70.22,Thunder Horse,2016
7,Fuck Gronks bitchass,Loss,99.04 - 108.86,99.04,Thunder Horse,2016
8,Steelers SIXcess,Loss,82.08 - 112.42,82.08,Thunder Horse,2016
9,Wilfork on 1st Date,Win,93.20 - 93.16,93.2,Thunder Horse,2016
10,Admiral Ackbar's Ass,Loss,87.84 - 105.36,87.84,Thunder Horse,2016
11,Cheap Vodka,Loss,57.18 - 125.10,57.18,Thunder Horse,2016
12,Bell's Potslam,Loss,68.78 - 92.24,68.78,Thunder Horse,2016
13,Ginger Kids,Loss,79.90 - 83.10,79.9,Thunder Horse,2016
1,SUCK MY DITKA,Loss,99.14 - 127.82,99.14,Wilfork on 1st Date,2016
2,Cheap Vodka,Win,104.56 - 89.16,104.56,Wilfork on 1st Date,2016
3,Team Zekeachu,Loss,50.68 - 161.00,50.68,Wilfork on 1st Date,2016
4,Bell's Potslam,Loss,71.52 - 101.68,71.52,Wilfork on 1st Date,2016
5,Fuck Gronks bitchass,Win,96.08 - 73.52,96.08,Wilfork on 1st Date,2016
6,Ginger Kids,Loss,66.92 - 90.66,66.92,Wilfork on 1st Date,2016
7,Steelers SIXcess,Loss,71.02 - 117.70,71.02,Wilfork on 1st Date,2016
8,Show Me Your TD's,Loss,96.22 - 111.20,96.22,Wilfork on 1st Date,2016
9,Thunder Horse,Loss,93.16 - 93.20,93.16,Wilfork on 1st Date,2016
10,Jordy oz. to Freedom,Loss,51.38 - 91.54,51.38,Wilfork on 1st Date,2016
11,Admiral Ackbar's Ass,Loss,85.72 - 108.78,85.72,Wilfork on 1st Date,2016
12,SUCK MY DITKA,Loss,80.66 - 129.70,80.66,Wilfork on 1st Date,2016
13,Cheap Vodka,Loss,61.48 - 78.66,61.48,Wilfork on 1st Date,2016
Playoffs Qtr,Admiral Ackbar's Ass,Win,95.32 - 71.9,95.32,Team Zekeachu,2016
Playoffs Qtr,Team Zekeachu,Loss,71.9 - 95.32,71.9,Admiral Ackbar's Ass,2016
Playoffs Qtr,Show Me Your TD's,Loss,68.18 - 72.34,68.18,SUCK MY DITKA,2016
Playoffs Qtr,SUCK MY DITKA,Win,72.34 - 68.18,72.34,Show Me Your TD's,2016
Playoffs Semi,Team Zekeachu,Loss,80.58 - 144.32,80.58,Jordy oz. to Freedom,2016
Playoffs Semi,Jordy oz. to Freedom,Win,144.32 - 80.58,144.32,Team Zekeachu,2016
Playoffs Semi,Cheap Vodka,Loss,79.5 - 94.24,79.5,Show Me Your TD's,2016
Playoffs Semi,Show Me Your TD's,Win,94.24 - 79.5,94.24,Cheap Vodka,2016
Playoffs 5th,SUCK MY DITKA,Loss,85.16 - 93.4,85.16,Admiral Ackbar's Ass,2016
Playoffs 5th,Admiral Ackbar's Ass,Win,93.4 - 85.16,93.4,SUCK MY DITKA,2016
Playoffs Champ,Cheap Vodka,Win,114.7 - 105.76,114.7,Team Zekeachu,2016
Playoffs Champ,Team Zekeachu,Loss,105.76 - 114.7,105.76,Cheap Vodka,2016
Playoffs 3rd,Show Me Your TD's,Win,84.88 - 82.92,84.88,Jordy oz. to Freedom,2016
Playoffs 3rd,Jordy oz. to Freedom,Loss,82.92 - 84.88,82.92,Show Me Your TD's,2016
Consolation Qtr,Fuck Gronks bitchass,Win,81.94 - 77.86,81.94,Thunder Horse,2016
Consolation Qtr,Thunder Horse,Loss,77.86 - 81.94,77.86,Fuck Gronks bitchass,2016
Consolation Qtr,Wilfork on 1st Date,Loss,67.12 - 86.58,67.12,Ginger Kids,2016
Consolation Qtr,Ginger Kids,Win,86.58 - 67.12,86.58,Wilfork on 1st Date,2016
Consolation Semi,Thunder Horse,Win,84.12 - 68.64,84.12,Bell's Potslam,2016
Consolation Semi,Bell's Potslam,Loss,68.64 - 84.12,68.64,Thunder Horse,2016
Consolation Semi,Steelers SIXcess,Win,58.44 - 53.52,58.44,Wilfork on 1st Date,2016
Consolation Semi,Wilfork on 1st Date,Loss,53.52 - 58.44,53.52,Steelers SIXcess,2016
Consolation 11th,Ginger Kids,Loss,76.02 - 84.76,76.02,Fuck Gronks bitchass,2016
Consolation 11th,Fuck Gronks bitchass,Win,84.76 - 76.02,84.76,Ginger Kids,2016
Consolation Champ,Wilfork on 1st Date,Win,107.06 - 102.88,107.06,Bell's Potslam,2016
Consolation Champ,Bell's Potslam,Loss,102.88 - 107.06,102.88,Wilfork on 1st Date,2016
Consolation 9th,Steelers SIXcess,Win,105.88 - 101.68,105.88,Thunder Horse,2016
Consolation 9th,Thunder Horse,Loss,101.68 - 105.88,101.68,Steelers SIXcess,2016
1,Ginger Kids,Loss,96.00 - 115.84,96,Admiral Ackbar's Ass,2015
2,The Derek Carrs,Win,100.34 - 32.20,100.34,Admiral Ackbar's Ass,2015
3,SUCK MY DITKA,Win,108.66 - 105.82,108.66,Admiral Ackbar's Ass,2015
4,Show Me Your TD's,Win,74.92 - 73.84,74.92,Admiral Ackbar's Ass,2015
5,Slob on my Cobb,Loss,76.54 - 118.84,76.54,Admiral Ackbar's Ass,2015
6,The Bell Staff,Loss,49.80 - 55.56,49.8,Admiral Ackbar's Ass,2015
7,Circle Joique,Win,103.94 - 86.70,103.94,Admiral Ackbar's Ass,2015
8,WhamBamThankYouCam,Win,115.14 - 65.50,115.14,Admiral Ackbar's Ass,2015
9,Cheap Vodka,Win,110.70 - 104.26,110.7,Admiral Ackbar's Ass,2015
10,Ginger Kids,Loss,46.50 - 72.06,46.5,Admiral Ackbar's Ass,2015
11,The Derek Carrs,Loss,52.32 - 68.06,52.32,Admiral Ackbar's Ass,2015
12,SUCK MY DITKA,Win,109.90 - 88.10,109.9,Admiral Ackbar's Ass,2015
13,Show Me Your TD's,Loss,66.98 - 139.60,66.98,Admiral Ackbar's Ass,2015
1,Admiral Ackbar's Ass,Win,115.84 - 96.00,115.84,Ginger Kids,2015
2,Cheap Vodka,Loss,74.40 - 113.96,74.4,Ginger Kids,2015
3,The Derek Carrs,Win,94.24 - 67.00,94.24,Ginger Kids,2015
4,SUCK MY DITKA,Loss,86.66 - 91.64,86.66,Ginger Kids,2015
5,Show Me Your TD's,Win,84.76 - 79.80,84.76,Ginger Kids,2015
6,Slob on my Cobb,Win,93.36 - 88.40,93.36,Ginger Kids,2015
7,The Bell Staff,Win,107.24 - 90.84,107.24,Ginger Kids,2015
8,Circle Joique,Loss,106.98 - 112.56,106.98,Ginger Kids,2015
9,WhamBamThankYouCam,Loss,46.44 - 132.98,46.44,Ginger Kids,2015
10,Admiral Ackbar's Ass,Win,72.06 - 46.50,72.06,Ginger Kids,2015
11,Cheap Vodka,Win,86.38 - 81.48,86.38,Ginger Kids,2015
12,The Derek Carrs,Loss,65.42 - 115.00,65.42,Ginger Kids,2015
13,SUCK MY DITKA,Win,123.84 - 118.82,123.84,Ginger Kids,2015
1,WhamBamThankYouCam,Win,83.72 - 80.84,83.72,The Derek Carrs,2015
2,Admiral Ackbar's Ass,Loss,32.20 - 100.34,32.2,The Derek Carrs,2015
3,Ginger Kids,Loss,67.00 - 94.24,67,The Derek Carrs,2015
4,Cheap Vodka,Win,80.52 - 70.60,80.52,The Derek Carrs,2015
5,SUCK MY DITKA,Loss,78.30 - 140.60,78.3,The Derek Carrs,2015
6,Show Me Your TD's,Loss,102.48 - 105.38,102.48,The Derek Carrs,2015
7,Slob on my Cobb,Loss,88.92 - 115.30,88.92,The Derek Carrs,2015
8,The Bell Staff,Win,82.74 - 66.58,82.74,The Derek Carrs,2015
9,Circle Joique,Loss,80.08 - 123.72,80.08,The Derek Carrs,2015
10,WhamBamThankYouCam,Loss,56.28 - 95.38,56.28,The Derek Carrs,2015
11,Admiral Ackbar's Ass,Win,68.06 - 52.32,68.06,The Derek Carrs,2015
12,Ginger Kids,Win,115.00 - 65.42,115,The Derek Carrs,2015
13,Cheap Vodka,Loss,60.22 - 119.18,60.22,The Derek Carrs,2015
1,Circle Joique,Win,112.12 - 74.22,112.12,SUCK MY DITKA,2015
2,WhamBamThankYouCam,Loss,96.84 - 101.24,96.84,SUCK MY DITKA,2015
3,Admiral Ackbar's Ass,Loss,105.82 - 108.66,105.82,SUCK MY DITKA,2015
4,Ginger Kids,Win,91.64 - 86.66,91.64,SUCK MY DITKA,2015
5,The Derek Carrs,Win,140.60 - 78.30,140.6,SUCK MY DITKA,2015
6,Cheap Vodka,Win,152.58 - 131.64,152.58,SUCK MY DITKA,2015
7,Show Me Your TD's,Win,117.70 - 107.00,117.7,SUCK MY DITKA,2015
8,Slob on my Cobb,Win,133.74 - 81.98,133.74,SUCK MY DITKA,2015
9,The Bell Staff,Loss,111.92 - 128.44,111.92,SUCK MY DITKA,2015
10,Circle Joique,Loss,69.56 - 131.72,69.56,SUCK MY DITKA,2015
11,WhamBamThankYouCam,Loss,88.28 - 119.74,88.28,SUCK MY DITKA,2015
12,Admiral Ackbar's Ass,Loss,88.10 - 109.90,88.1,SUCK MY DITKA,2015
13,Ginger Kids,Loss,118.82 - 123.84,118.82,SUCK MY DITKA,2015
1,The Bell Staff,Win,113.70 - 89.84,113.7,Show Me Your TD's,2015
2,Circle Joique,Loss,89.80 - 99.52,89.8,Show Me Your TD's,2015
3,WhamBamThankYouCam,Win,138.52 - 129.60,138.52,Show Me Your TD's,2015
4,Admiral Ackbar's Ass,Loss,73.84 - 74.92,73.84,Show Me Your TD's,2015
5,Ginger Kids,Loss,79.80 - 84.76,79.8,Show Me Your TD's,2015
6,The Derek Carrs,Win,105.38 - 102.48,105.38,Show Me Your TD's,2015
7,SUCK MY DITKA,Loss,107.00 - 117.70,107,Show Me Your TD's,2015
8,Cheap Vodka,Win,72.54 - 69.28,72.54,Show Me Your TD's,2015
9,Slob on my Cobb,Loss,97.96 - 123.36,97.96,Show Me Your TD's,2015
10,The Bell Staff,Win,90.98 - 84.50,90.98,Show Me Your TD's,2015
11,Circle Joique,Win,118.40 - 67.48,118.4,Show Me Your TD's,2015
12,WhamBamThankYouCam,Win,105.82 - 78.62,105.82,Show Me Your TD's,2015
13,Admiral Ackbar's Ass,Win,139.60 - 66.98,139.6,Show Me Your TD's,2015
1,Cheap Vodka,Win,122.86 - 115.34,122.86,Slob on my Cobb,2015
2,The Bell Staff,Win,100.46 - 88.08,100.46,Slob on my Cobb,2015
3,Circle Joique,Win,140.22 - 100.20,140.22,Slob on my Cobb,2015
4,WhamBamThankYouCam,Win,83.66 - 49.68,83.66,Slob on my Cobb,2015
5,Admiral Ackbar's Ass,Win,118.84 - 76.54,118.84,Slob on my Cobb,2015
6,Ginger Kids,Loss,88.40 - 93.36,88.4,Slob on my Cobb,2015
7,The Derek Carrs,Win,115.30 - 88.92,115.3,Slob on my Cobb,2015
8,SUCK MY DITKA,Loss,81.98 - 133.74,81.98,Slob on my Cobb,2015
9,Show Me Your TD's,Win,123.36 - 97.96,123.36,Slob on my Cobb,2015
10,Cheap Vodka,Win,110.32 - 83.92,110.32,Slob on my Cobb,2015
11,The Bell Staff,Win,88.38 - 72.24,88.38,Slob on my Cobb,2015
12,Circle Joique,Loss,62.18 - 128.64,62.18,Slob on my Cobb,2015
13,WhamBamThankYouCam,Loss,86.12 - 105.44,86.12,Slob on my Cobb,2015
1,Show Me Your TD's,Loss,89.84 - 113.70,89.84,The Bell Staff,2015
2,Slob on my Cobb,Loss,88.08 - 100.46,88.08,The Bell Staff,2015
3,Cheap Vodka,Win,109.58 - 105.78,109.58,The Bell Staff,2015
4,Circle Joique,Loss,74.52 - 75.34,74.52,The Bell Staff,2015
5,WhamBamThankYouCam,Loss,67.28 - 79.42,67.28,The Bell Staff,2015
6,Admiral Ackbar's Ass,Win,55.56 - 49.80,55.56,The Bell Staff,2015
7,Ginger Kids,Loss,90.84 - 107.24,90.84,The Bell Staff,2015
8,The Derek Carrs,Loss,66.58 - 82.74,66.58,The Bell Staff,2015
9,SUCK MY DITKA,Win,128.44 - 111.92,128.44,The Bell Staff,2015
10,Show Me Your TD's,Loss,84.50 - 90.98,84.5,The Bell Staff,2015
11,Slob on my Cobb,Loss,72.24 - 88.38,72.24,The Bell Staff,2015
12,Cheap Vodka,Loss,103.42 - 104.16,103.42,The Bell Staff,2015
13,Circle Joique,Loss,97.32 - 106.04,97.32,The Bell Staff,2015
1,SUCK MY DITKA,Loss,74.22 - 112.12,74.22,Circle Joique,2015
2,Show Me Your TD's,Win,99.52 - 89.80,99.52,Circle Joique,2015
3,Slob on my Cobb,Loss,100.20 - 140.22,100.2,Circle Joique,2015
4,The Bell Staff,Win,75.34 - 74.52,75.34,Circle Joique,2015
5,Cheap Vodka,Loss,96.56 - 99.52,96.56,Circle Joique,2015
6,WhamBamThankYouCam,Win,113.40 - 80.34,113.4,Circle Joique,2015
7,Admiral Ackbar's Ass,Loss,86.70 - 103.94,86.7,Circle Joique,2015
8,Ginger Kids,Win,112.56 - 106.98,112.56,Circle Joique,2015
9,The Derek Carrs,Win,123.72 - 80.08,123.72,Circle Joique,2015
10,SUCK MY DITKA,Win,131.72 - 69.56,131.72,Circle Joique,2015
11,Show Me Your TD's,Loss,67.48 - 118.40,67.48,Circle Joique,2015
12,Slob on my Cobb,Win,128.64 - 62.18,128.64,Circle Joique,2015
13,The Bell Staff,Win,106.04 - 97.32,106.04,Circle Joique,2015
1,The Derek Carrs,Loss,80.84 - 83.72,80.84,WhamBamThankYouCam,2015
2,SUCK MY DITKA,Win,101.24 - 96.84,101.24,WhamBamThankYouCam,2015
3,Show Me Your TD's,Loss,129.60 - 138.52,129.6,WhamBamThankYouCam,2015
4,Slob on my Cobb,Loss,49.68 - 83.66,49.68,WhamBamThankYouCam,2015
5,The Bell Staff,Win,79.42 - 67.28,79.42,WhamBamThankYouCam,2015
6,Circle Joique,Loss,80.34 - 113.40,80.34,WhamBamThankYouCam,2015
7,Cheap Vodka,Loss,64.40 - 85.48,64.4,WhamBamThankYouCam,2015
8,Admiral Ackbar's Ass,Loss,65.50 - 115.14,65.5,WhamBamThankYouCam,2015
9,Ginger Kids,Win,132.98 - 46.44,132.98,WhamBamThankYouCam,2015
10,The Derek Carrs,Win,95.38 - 56.28,95.38,WhamBamThankYouCam,2015
11,SUCK MY DITKA,Win,119.74 - 88.28,119.74,WhamBamThankYouCam,2015
12,Show Me Your TD's,Loss,78.62 - 105.82,78.62,WhamBamThankYouCam,2015
13,Slob on my Cobb,Win,105.44 - 86.12,105.44,WhamBamThankYouCam,2015
1,Slob on my Cobb,Loss,115.34 - 122.86,115.34,Cheap Vodka,2015
2,Ginger Kids,Win,113.96 - 74.40,113.96,Cheap Vodka,2015
3,The Bell Staff,Loss,105.78 - 109.58,105.78,Cheap Vodka,2015
4,The Derek Carrs,Loss,70.60 - 80.52,70.6,Cheap Vodka,2015
5,Circle Joique,Win,99.52 - 96.56,99.52,Cheap Vodka,2015
6,SUCK MY DITKA,Loss,131.64 - 152.58,131.64,Cheap Vodka,2015
7,WhamBamThankYouCam,Win,85.48 - 64.40,85.48,Cheap Vodka,2015
8,Show Me Your TD's,Loss,69.28 - 72.54,69.28,Cheap Vodka,2015
9,Admiral Ackbar's Ass,Loss,104.26 - 110.70,104.26,Cheap Vodka,2015
10,Slob on my Cobb,Loss,83.92 - 110.32,83.92,Cheap Vodka,2015
11,Ginger Kids,Loss,81.48 - 86.38,81.48,Cheap Vodka,2015
12,The Bell Staff,Win,104.16 - 103.42,104.16,Cheap Vodka,2015
13,The Derek Carrs,Win,119.18 - 60.22,119.18,Cheap Vodka,2015
Playoffs Qtr,Admiral Ackbar's Ass,Win,108.62 - 96.32,108.62,Ginger Kids,2015
Playoffs Qtr,Ginger Kids,Loss,96.32 - 108.62,96.32,Admiral Ackbar's Ass,2015
Playoffs Qtr,SUCK MY DITKA,Win,99.8 - 93.74,99.8,Circle Joique,2015
Playoffs Qtr,Circle Joique,Loss,93.74 - 99.8,93.74,SUCK MY DITKA,2015
Playoffs Semi,Ginger Kids,Loss,99.46 - 145.34,99.46,Slob on my Cobb,2015
Playoffs Semi,Slob on my Cobb,Win,145.34 - 99.46,145.34,Ginger Kids,2015
Playoffs Semi,Show Me Your TD's,Loss,82.66 - 102.86,82.66,Circle Joique,2015
Playoffs Semi,Circle Joique,Win,102.86 - 82.66,102.86,Show Me Your TD's,2015
Playoffs 5th,SUCK MY DITKA,Win,115.84 - 110.58,115.84,Admiral Ackbar's Ass,2015
Playoffs 5th,Admiral Ackbar's Ass,Loss,110.58 - 115.84,110.58,SUCK MY DITKA,2015
Playoffs Champ,Show Me Your TD's,Win,134.78 - 128.80,134.78,Ginger Kids,2015
Playoffs Champ,Ginger Kids,Loss,128.80 - 134.78,128.8,Show Me Your TD's,2015
Playoffs 3rd,Circle Joique,Win,76.14 - 68.6,76.14,Slob on my Cobb,2015
Playoffs 3rd,Slob on my Cobb,Loss,68.6 - 76.14,68.6,Circle Joique,2015
Consolation 9th,The Derek Carrs,Loss,60.5 - 60.8,60.5,The Bell Staff,2015
Consolation 9th,The Bell Staff,Win,60.8 - 60.5,60.8,The Derek Carrs,2015
Consolation Champ,Cheap Vodka,Loss,65.48 - 117.12,65.48,WhamBamThankYouCam,2015
Consolation Champ,WhamBamThankYouCam,Win,117.12 - 65.48,117.12,Cheap Vodka,2015
Consolation Semi,The Bell Staff,Win,117.3 - 91.78,117.3,WhamBamThankYouCam,2015
Consolation Semi,WhamBamThankYouCam,Loss,91.78 - 117.3,91.78,The Bell Staff,2015
Consolation Semi,Cheap Vodka,Loss,43.22 - 87.08,43.22,The Derek Carrs,2015
Consolation Semi,The Derek Carrs,Win,87.08 - 43.22,87.08,Cheap Vodka,2015
2,Punts with a C,Win,123.38 - 112.16,123.38,Admiral Ackbar's Ass,2014
3,Ginger Kids,Win,115.70 - 82.50,115.7,Admiral Ackbar's Ass,2014
4,Coolio Julio Hustle,Win,98.92 - 82.28,98.92,Admiral Ackbar's Ass,2014
5,Cheap Vodka,Win,82.78 - 57.84,82.78,Admiral Ackbar's Ass,2014
6,SUCK MY DITKA,Win,103.10 - 93.54,103.1,Admiral Ackbar's Ass,2014
7,Teach me how to Raji,Win,103.56 - 63.22,103.56,Admiral Ackbar's Ass,2014
8,Circle Joique,Win,128.00 - 61.70,128,Admiral Ackbar's Ass,2014
9,The Taint Ticklers,Loss,84.86 - 140.32,84.86,Admiral Ackbar's Ass,2014
10,The Strange Tamers,Win,74.54 - 64.36,74.54,Admiral Ackbar's Ass,2014
11,Punts with a C,Win,66.82 - 56.88,66.82,Admiral Ackbar's Ass,2014
12,Ginger Kids,Loss,67.82 - 126.10,67.82,Admiral Ackbar's Ass,2014
13,Coolio Julio Hustle,Win,126.60 - 104.44,126.6,Admiral Ackbar's Ass,2014
2,The Taint Ticklers,Loss,44.94 - 85.18,44.94,The Strange Tamers,2014
3,Punts with a C,Loss,88.50 - 96.46,88.5,The Strange Tamers,2014
4,Ginger Kids,Loss,54.00 - 109.04,54,The Strange Tamers,2014
5,Coolio Julio Hustle,Loss,55.78 - 124.44,55.78,The Strange Tamers,2014
6,Cheap Vodka,Loss,80.42 - 100.46,80.42,The Strange Tamers,2014
7,SUCK MY DITKA,Loss,84.30 - 112.20,84.3,The Strange Tamers,2014
8,Teach me how to Raji,Loss,89.04 - 100.82,89.04,The Strange Tamers,2014
9,Circle Joique,Win,78.52 - 33.20,78.52,The Strange Tamers,2014
10,Admiral Ackbar's Ass,Loss,64.36 - 74.54,64.36,The Strange Tamers,2014
11,The Taint Ticklers,Loss,50.88 - 111.36,50.88,The Strange Tamers,2014
12,Punts with a C,Win,83.42 - 81.76,83.42,The Strange Tamers,2014
13,Ginger Kids,Loss,93.60 - 101.96,93.6,The Strange Tamers,2014
2,Admiral Ackbar's Ass,Loss,112.16 - 123.38,112.16,Punts with a C,2014
3,The Strange Tamers,Win,96.46 - 88.50,96.46,Punts with a C,2014
4,The Taint Ticklers,Loss,60.66 - 85.82,60.66,Punts with a C,2014
5,Ginger Kids,Win,117.78 - 111.76,117.78,Punts with a C,2014
6,Coolio Julio Hustle,Loss,82.74 - 92.34,82.74,Punts with a C,2014
7,Cheap Vodka,Loss,86.24 - 86.70,86.24,Punts with a C,2014
8,SUCK MY DITKA,Loss,114.66 - 155.84,114.66,Punts with a C,2014
9,Teach me how to Raji,Win,101.82 - 51.50,101.82,Punts with a C,2014
10,Circle Joique,Win,104.30 - 78.70,104.3,Punts with a C,2014
11,Admiral Ackbar's Ass,Loss,56.88 - 66.82,56.88,Punts with a C,2014
12,The Strange Tamers,Loss,81.76 - 83.42,81.76,Punts with a C,2014
13,The Taint Ticklers,Loss,72.80 - 101.76,72.8,Punts with a C,2014
2,Circle Joique,Loss,118.84 - 125.34,118.84,Ginger Kids,2014
3,Admiral Ackbar's Ass,Loss,82.50 - 115.70,82.5,Ginger Kids,2014
4,The Strange Tamers,Win,109.04 - 54.00,109.04,Ginger Kids,2014
5,Punts with a C,Loss,111.76 - 117.78,111.76,Ginger Kids,2014
6,The Taint Ticklers,Win,121.44 - 97.88,121.44,Ginger Kids,2014
7,Coolio Julio Hustle,Loss,97.30 - 116.12,97.3,Ginger Kids,2014
8,Cheap Vodka,Win,124.28 - 79.92,124.28,Ginger Kids,2014
9,SUCK MY DITKA,Loss,41.10 - 111.38,41.1,Ginger Kids,2014
10,Teach me how to Raji,Win,96.78 - 67.56,96.78,Ginger Kids,2014
11,Circle Joique,Win,118.50 - 68.92,118.5,Ginger Kids,2014
12,Admiral Ackbar's Ass,Win,126.10 - 67.82,126.1,Ginger Kids,2014
13,The Strange Tamers,Win,101.96 - 93.60,101.96,Ginger Kids,2014
2,Teach me how to Raji,Win,111.98 - 59.34,111.98,Coolio Julio Hustle,2014
3,Circle Joique,Win,138.92 - 37.04,138.92,Coolio Julio Hustle,2014
4,Admiral Ackbar's Ass,Loss,82.28 - 98.92,82.28,Coolio Julio Hustle,2014
5,The Strange Tamers,Win,124.44 - 55.78,124.44,Coolio Julio Hustle,2014
6,Punts with a C,Win,92.34 - 82.74,92.34,Coolio Julio Hustle,2014
7,Ginger Kids,Win,116.12 - 97.30,116.12,Coolio Julio Hustle,2014
8,The Taint Ticklers,Loss,68.96 - 166.74,68.96,Coolio Julio Hustle,2014
9,Cheap Vodka,Win,76.66 - 41.60,76.66,Coolio Julio Hustle,2014
10,SUCK MY DITKA,Loss,60.48 - 100.38,60.48,Coolio Julio Hustle,2014
11,Teach me how to Raji,Loss,73.72 - 83.22,73.72,Coolio Julio Hustle,2014
12,Circle Joique,Win,91.34 - 68.86,91.34,Coolio Julio Hustle,2014
13,Admiral Ackbar's Ass,Loss,104.44 - 126.60,104.44,Coolio Julio Hustle,2014
2,SUCK MY DITKA,Loss,93.24 - 102.48,93.24,Cheap Vodka,2014
3,Teach me how to Raji,Loss,92.08 - 92.64,92.08,Cheap Vodka,2014
4,Circle Joique,Loss,75.78 - 122.42,75.78,Cheap Vodka,2014
5,Admiral Ackbar's Ass,Loss,57.84 - 82.78,57.84,Cheap Vodka,2014
6,The Strange Tamers,Win,100.46 - 80.42,100.46,Cheap Vodka,2014
7,Punts with a C,Win,86.70 - 86.24,86.7,Cheap Vodka,2014
8,Ginger Kids,Loss,79.92 - 124.28,79.92,Cheap Vodka,2014
9,Coolio Julio Hustle,Loss,41.60 - 76.66,41.6,Cheap Vodka,2014
10,The Taint Ticklers,Loss,72.00 - 106.20,72,Cheap Vodka,2014
11,SUCK MY DITKA,Win,91.14 - 81.00,91.14,Cheap Vodka,2014
12,Teach me how to Raji,Loss,81.36 - 107.02,81.36,Cheap Vodka,2014
13,Circle Joique,Win,73.42 - 58.00,73.42,Cheap Vodka,2014
2,Cheap Vodka,Win,102.48 - 93.24,102.48,SUCK MY DITKA,2014
3,The Taint Ticklers,Win,94.22 - 92.32,94.22,SUCK MY DITKA,2014
4,Teach me how to Raji,Win,86.68 - 81.82,86.68,SUCK MY DITKA,2014
5,Circle Joique,Win,82.84 - 52.44,82.84,SUCK MY DITKA,2014
6,Admiral Ackbar's Ass,Loss,93.54 - 103.10,93.54,SUCK MY DITKA,2014
7,The Strange Tamers,Win,112.20 - 84.30,112.2,SUCK MY DITKA,2014
8,Punts with a C,Win,155.84 - 114.66,155.84,SUCK MY DITKA,2014
9,Ginger Kids,Win,111.38 - 41.10,111.38,SUCK MY DITKA,2014
10,Coolio Julio Hustle,Win,100.38 - 60.48,100.38,SUCK MY DITKA,2014
11,Cheap Vodka,Loss,81.00 - 91.14,81,SUCK MY DITKA,2014
12,The Taint Ticklers,Win,115.40 - 112.78,115.4,SUCK MY DITKA,2014
13,Teach me how to Raji,Win,156.98 - 114.74,156.98,SUCK MY DITKA,2014
2,Coolio Julio Hustle,Loss,59.34 - 111.98,59.34,Teach me how to Raji,2014
3,Cheap Vodka,Win,92.64 - 92.08,92.64,Teach me how to Raji,2014
4,SUCK MY DITKA,Loss,81.82 - 86.68,81.82,Teach me how to Raji,2014
5,The Taint Ticklers,Loss,88.14 - 156.96,88.14,Teach me how to Raji,2014
6,Circle Joique,Win,69.34 - 58.40,69.34,Teach me how to Raji,2014
7,Admiral Ackbar's Ass,Loss,63.22 - 103.56,63.22,Teach me how to Raji,2014
8,The Strange Tamers,Win,100.82 - 89.04,100.82,Teach me how to Raji,2014
9,Punts with a C,Loss,51.50 - 101.82,51.5,Teach me how to Raji,2014
10,Ginger Kids,Loss,67.56 - 96.78,67.56,Teach me how to Raji,2014
11,Coolio Julio Hustle,Win,83.22 - 73.72,83.22,Teach me how to Raji,2014
12,Cheap Vodka,Win,107.02 - 81.36,107.02,Teach me how to Raji,2014
13,SUCK MY DITKA,Loss,114.74 - 156.98,114.74,Teach me how to Raji,2014
2,Ginger Kids,Win,125.34 - 118.84,125.34,Circle Joique,2014
3,Coolio Julio Hustle,Loss,37.04 - 138.92,37.04,Circle Joique,2014
4,Cheap Vodka,Win,122.42 - 75.78,122.42,Circle Joique,2014
5,SUCK MY DITKA,Loss,52.44 - 82.84,52.44,Circle Joique,2014
6,Teach me how to Raji,Loss,58.40 - 69.34,58.4,Circle Joique,2014
7,The Taint Ticklers,Loss,64.76 - 102.42,64.76,Circle Joique,2014
8,Admiral Ackbar's Ass,Loss,61.70 - 128.00,61.7,Circle Joique,2014
9,The Strange Tamers,Loss,33.20 - 78.52,33.2,Circle Joique,2014
10,Punts with a C,Loss,78.70 - 104.30,78.7,Circle Joique,2014
11,Ginger Kids,Loss,68.92 - 118.50,68.92,Circle Joique,2014
12,Coolio Julio Hustle,Loss,68.86 - 91.34,68.86,Circle Joique,2014
13,Cheap Vodka,Loss,58.00 - 73.42,58,Circle Joique,2014
2,The Strange Tamers,Win,85.18 - 44.94,85.18,The Taint Ticklers,2014
3,SUCK MY DITKA,Loss,92.32 - 94.22,92.32,The Taint Ticklers,2014
4,Punts with a C,Win,85.82 - 60.66,85.82,The Taint Ticklers,2014
5,Teach me how to Raji,Win,156.96 - 88.14,156.96,The Taint Ticklers,2014
6,Ginger Kids,Loss,97.88 - 121.44,97.88,The Taint Ticklers,2014
7,Circle Joique,Win,102.42 - 64.76,102.42,The Taint Ticklers,2014
8,Coolio Julio Hustle,Win,166.74 - 68.96,166.74,The Taint Ticklers,2014
9,Admiral Ackbar's Ass,Win,140.32 - 84.86,140.32,The Taint Ticklers,2014
10,Cheap Vodka,Win,106.20 - 72.00,106.2,The Taint Ticklers,2014
11,The Strange Tamers,Win,111.36 - 50.88,111.36,The Taint Ticklers,2014
12,SUCK MY DITKA,Loss,112.78 - 115.40,112.78,The Taint Ticklers,2014
13,Punts with a C,Win,101.76 - 72.80,101.76,The Taint Ticklers,2014
Playoffs Qtr,Coolio Julio Hustle,Win,123.2 - 113.02,123.2,Ginger Kids,2014
Playoffs Qtr,Ginger Kids,Loss,113.02 - 123.2,113.02,Coolio Julio Hustle,2014
Playoffs Qtr,Teach me how to Raji,Loss,85.62 - 94.8,85.62,The Taint Ticklers,2014
Playoffs Qtr,The Taint Ticklers,Win,94.8 - 85.62,94.8,Teach me how to Raji,2014
Playoffs Semi,Ginger Kids,Win,94.3 - 92.16,94.3,SUCK MY DITKA,2014
Playoffs Semi,SUCK MY DITKA,Loss,92.16 - 94.3,92.16,Ginger Kids,2014
Playoffs Semi,Admiral Ackbar's Ass,Loss,77.1 - 79.58,77.1,Teach me how to Raji,2014
Playoffs Semi,Teach me how to Raji,Win,79.58 - 77.1,79.58,Admiral Ackbar's Ass,2014
Playoffs 5th,The Taint Ticklers,Loss,59.52 - 91.42,59.52,Coolio Julio Hustle,2014
Playoffs 5th,Coolio Julio Hustle,Win,91.42 - 59.52,91.42,The Taint Ticklers,2014
Playoffs Champ,Admiral Ackbar's Ass,Win,99.72 - 59.76,99.72,SUCK MY DITKA,2014
Playoffs Champ,SUCK MY DITKA,Loss,59.76 - 99.72,59.76,Admiral Ackbar's Ass,2014
Playoffs 3rd,Teach me how to Raji,Win,130.92 - 82.78,130.92,Ginger Kids,2014
Playoffs 3rd,Ginger Kids,Loss,82.78 - 130.92,82.78,Teach me how to Raji,2014
Consolation Semi,Circle Joique,Win,117.18 - 52.02,117.18,Punts with a C,2014
Consolation Semi,Punts with a C,Loss,52.02 - 117.18,52.02,Circle Joique,2014
Consolation Semi,Cheap Vodka,Win,79.54 - 63.9,79.54,The Strange Tamers,2014
Consolation Semi,The Strange Tamers,Loss,63.9 - 79.54,63.9,Cheap Vodka,2014
Consolation Champ,The Strange Tamers,Win,75.28 - 60.4,75.28,Punts with a C,2014
Consolation Champ,Punts with a C,Loss,60.4 - 75.28,60.4,The Strange Tamers,2014
Consolation 9th,Cheap Vodka,Loss,64.32 - 86.72,64.32,Circle Joique,2014
Consolation 9th,Circle Joique,Win,86.72 - 64.32,86.72,Cheap Vodka,2014